
> orc-ds-workspace@0.0.0 build
> ng build orc-ds && ng build docs && ng build template

Building Angular Package

------------------------------------------------------------------------------
Building entry point '@ciag/orchestra/accordion'
------------------------------------------------------------------------------
- Compiling with Angular sources in partial compilation mode.
✔ Compiling with Angular sources in partial compilation mode.
- Writing FESM and DTS bundles
✔ Writing FESM and DTS bundles
✔ Built @ciag/orchestra/accordion

------------------------------------------------------------------------------
Building entry point '@ciag/orchestra/alert'
------------------------------------------------------------------------------
- Compiling with Angular sources in partial compilation mode.
✔ Compiling with Angular sources in partial compilation mode.
- Writing FESM and DTS bundles
✔ Writing FESM and DTS bundles
✔ Built @ciag/orchestra/alert

------------------------------------------------------------------------------
Building entry point '@ciag/orchestra/avatar'
------------------------------------------------------------------------------
- Compiling with Angular sources in partial compilation mode.
✔ Compiling with Angular sources in partial compilation mode.
- Writing FESM and DTS bundles
✔ Writing FESM and DTS bundles
✔ Built @ciag/orchestra/avatar

------------------------------------------------------------------------------
Building entry point '@ciag/orchestra/badge'
------------------------------------------------------------------------------
- Compiling with Angular sources in partial compilation mode.
✔ Compiling with Angular sources in partial compilation mode.
- Writing FESM and DTS bundles
✔ Writing FESM and DTS bundles
✔ Built @ciag/orchestra/badge

------------------------------------------------------------------------------
Building entry point '@ciag/orchestra/breadcrumb'
------------------------------------------------------------------------------
- Compiling with Angular sources in partial compilation mode.
✔ Compiling with Angular sources in partial compilation mode.
- Writing FESM and DTS bundles
✔ Writing FESM and DTS bundles
✔ Built @ciag/orchestra/breadcrumb

------------------------------------------------------------------------------
Building entry point '@ciag/orchestra/button'
------------------------------------------------------------------------------
- Compiling with Angular sources in partial compilation mode.
✔ Compiling with Angular sources in partial compilation mode.
- Writing FESM and DTS bundles
✔ Writing FESM and DTS bundles
✔ Built @ciag/orchestra/button

------------------------------------------------------------------------------
Building entry point '@ciag/orchestra/card'
------------------------------------------------------------------------------
- Compiling with Angular sources in partial compilation mode.
✔ Compiling with Angular sources in partial compilation mode.
- Writing FESM and DTS bundles
✔ Writing FESM and DTS bundles
✔ Built @ciag/orchestra/card

------------------------------------------------------------------------------
Building entry point '@ciag/orchestra/checkbox'
------------------------------------------------------------------------------
- Compiling with Angular sources in partial compilation mode.
✔ Compiling with Angular sources in partial compilation mode.
- Writing FESM and DTS bundles
✔ Writing FESM and DTS bundles
✔ Built @ciag/orchestra/checkbox

------------------------------------------------------------------------------
Building entry point '@ciag/orchestra/input'
------------------------------------------------------------------------------
- Compiling with Angular sources in partial compilation mode.
✔ Compiling with Angular sources in partial compilation mode.
- Writing FESM and DTS bundles
✔ Writing FESM and DTS bundles
✔ Built @ciag/orchestra/input

------------------------------------------------------------------------------
Building entry point '@ciag/orchestra/chip-input'
------------------------------------------------------------------------------
- Compiling with Angular sources in partial compilation mode.
✔ Compiling with Angular sources in partial compilation mode.
- Writing FESM and DTS bundles
✔ Writing FESM and DTS bundles
✔ Built @ciag/orchestra/chip-input

------------------------------------------------------------------------------
Building entry point '@ciag/orchestra/internal'
------------------------------------------------------------------------------
- Compiling with Angular sources in partial compilation mode.
✔ Compiling with Angular sources in partial compilation mode.
- Writing FESM and DTS bundles
✔ Writing FESM and DTS bundles
✔ Built @ciag/orchestra/internal

------------------------------------------------------------------------------
Building entry point '@ciag/orchestra/dropdown'
------------------------------------------------------------------------------
- Compiling with Angular sources in partial compilation mode.
✔ Compiling with Angular sources in partial compilation mode.
✔ Generating FESM and DTS bundles
✔ Built @ciag/orchestra/dropdown

------------------------------------------------------------------------------
Building entry point '@ciag/orchestra/progress'
------------------------------------------------------------------------------
- Compiling with Angular sources in partial compilation mode.
✔ Compiling with Angular sources in partial compilation mode.
- Writing FESM and DTS bundles
✔ Writing FESM and DTS bundles
✔ Built @ciag/orchestra/progress

------------------------------------------------------------------------------
Building entry point '@ciag/orchestra/file-uploader'
------------------------------------------------------------------------------
- Compiling with Angular sources in partial compilation mode.
✔ Compiling with Angular sources in partial compilation mode.
- Writing FESM and DTS bundles
✔ Writing FESM and DTS bundles
✔ Built @ciag/orchestra/file-uploader

------------------------------------------------------------------------------
Building entry point '@ciag/orchestra/modal'
------------------------------------------------------------------------------
- Compiling with Angular sources in partial compilation mode.
✔ Compiling with Angular sources in partial compilation mode.
- Writing FESM and DTS bundles
✔ Writing FESM and DTS bundles
✔ Built @ciag/orchestra/modal

------------------------------------------------------------------------------
Building entry point '@ciag/orchestra/otp-input'
------------------------------------------------------------------------------
- Compiling with Angular sources in partial compilation mode.
✔ Compiling with Angular sources in partial compilation mode.
- Writing FESM and DTS bundles
✔ Writing FESM and DTS bundles
✔ Built @ciag/orchestra/otp-input

------------------------------------------------------------------------------
Building entry point '@ciag/orchestra/paginator'
------------------------------------------------------------------------------
- Compiling with Angular sources in partial compilation mode.
✔ Compiling with Angular sources in partial compilation mode.
- Writing FESM and DTS bundles
✔ Writing FESM and DTS bundles
✔ Built @ciag/orchestra/paginator

------------------------------------------------------------------------------
Building entry point '@ciag/orchestra/radio'
------------------------------------------------------------------------------
- Compiling with Angular sources in partial compilation mode.
✔ Compiling with Angular sources in partial compilation mode.
- Writing FESM and DTS bundles
✔ Writing FESM and DTS bundles
✔ Built @ciag/orchestra/radio

------------------------------------------------------------------------------
Building entry point '@ciag/orchestra/tooltip'
------------------------------------------------------------------------------
- Compiling with Angular sources in partial compilation mode.
✔ Compiling with Angular sources in partial compilation mode.
- Writing FESM and DTS bundles
✔ Writing FESM and DTS bundles
✔ Built @ciag/orchestra/tooltip

------------------------------------------------------------------------------
Building entry point '@ciag/orchestra/rating'
------------------------------------------------------------------------------
- Compiling with Angular sources in partial compilation mode.
✔ Compiling with Angular sources in partial compilation mode.
- Writing FESM and DTS bundles
✔ Writing FESM and DTS bundles
✔ Built @ciag/orchestra/rating

------------------------------------------------------------------------------
Building entry point '@ciag/orchestra/select'
------------------------------------------------------------------------------
- Compiling with Angular sources in partial compilation mode.
✔ Compiling with Angular sources in partial compilation mode.
- Writing FESM and DTS bundles
✔ Writing FESM and DTS bundles
✔ Built @ciag/orchestra/select

------------------------------------------------------------------------------
Building entry point '@ciag/orchestra/skeleton'
------------------------------------------------------------------------------
- Compiling with Angular sources in partial compilation mode.
✔ Compiling with Angular sources in partial compilation mode.
- Writing FESM and DTS bundles
✔ Writing FESM and DTS bundles
✔ Built @ciag/orchestra/skeleton

------------------------------------------------------------------------------
Building entry point '@ciag/orchestra/slider'
------------------------------------------------------------------------------
- Compiling with Angular sources in partial compilation mode.
✔ Compiling with Angular sources in partial compilation mode.
- Writing FESM and DTS bundles
✔ Writing FESM and DTS bundles
✔ Built @ciag/orchestra/slider

------------------------------------------------------------------------------
Building entry point '@ciag/orchestra/spinner'
------------------------------------------------------------------------------
- Compiling with Angular sources in partial compilation mode.
✔ Compiling with Angular sources in partial compilation mode.
- Writing FESM and DTS bundles
✔ Writing FESM and DTS bundles
✔ Built @ciag/orchestra/spinner

------------------------------------------------------------------------------
Building entry point '@ciag/orchestra/stepper'
------------------------------------------------------------------------------
- Compiling with Angular sources in partial compilation mode.
✔ Compiling with Angular sources in partial compilation mode.
- Writing FESM and DTS bundles
✔ Writing FESM and DTS bundles
✔ Built @ciag/orchestra/stepper

------------------------------------------------------------------------------
Building entry point '@ciag/orchestra/switch'
------------------------------------------------------------------------------
- Compiling with Angular sources in partial compilation mode.
✔ Compiling with Angular sources in partial compilation mode.
- Writing FESM and DTS bundles
✔ Writing FESM and DTS bundles
✔ Built @ciag/orchestra/switch

------------------------------------------------------------------------------
Building entry point '@ciag/orchestra/table'
------------------------------------------------------------------------------
- Compiling with Angular sources in partial compilation mode.
✔ Compiling with Angular sources in partial compilation mode.
- Writing FESM and DTS bundles
✔ Writing FESM and DTS bundles
✔ Built @ciag/orchestra/table

------------------------------------------------------------------------------
Building entry point '@ciag/orchestra/tabs'
------------------------------------------------------------------------------
- Compiling with Angular sources in partial compilation mode.
✔ Compiling with Angular sources in partial compilation mode.
- Writing FESM and DTS bundles
✔ Writing FESM and DTS bundles
✔ Built @ciag/orchestra/tabs

------------------------------------------------------------------------------
Building entry point '@ciag/orchestra/toast'
------------------------------------------------------------------------------
- Compiling with Angular sources in partial compilation mode.
✔ Compiling with Angular sources in partial compilation mode.
- Writing FESM and DTS bundles
✔ Writing FESM and DTS bundles
✔ Built @ciag/orchestra/toast

------------------------------------------------------------------------------
Building entry point '@ciag/orchestra/tag'
------------------------------------------------------------------------------
- Compiling with Angular sources in partial compilation mode.
✔ Compiling with Angular sources in partial compilation mode.
- Writing FESM and DTS bundles
✔ Writing FESM and DTS bundles
✔ Built @ciag/orchestra/tag

------------------------------------------------------------------------------
Building entry point '@ciag/orchestra/empty-state'
------------------------------------------------------------------------------
- Compiling with Angular sources in partial compilation mode.
✔ Compiling with Angular sources in partial compilation mode.
- Writing FESM and DTS bundles
✔ Writing FESM and DTS bundles
✔ Built @ciag/orchestra/empty-state

------------------------------------------------------------------------------
Building entry point '@ciag/orchestra/overlay-panel'
------------------------------------------------------------------------------
- Compiling with Angular sources in partial compilation mode.
✔ Compiling with Angular sources in partial compilation mode.
- Writing FESM and DTS bundles
✔ Writing FESM and DTS bundles
✔ Built @ciag/orchestra/overlay-panel

------------------------------------------------------------------------------
Building entry point '@ciag/orchestra/popover'
------------------------------------------------------------------------------
- Compiling with Angular sources in partial compilation mode.
✔ Compiling with Angular sources in partial compilation mode.
- Writing FESM and DTS bundles
✔ Writing FESM and DTS bundles
✔ Built @ciag/orchestra/popover

------------------------------------------------------------------------------
Building entry point '@ciag/orchestra/segmented-control'
------------------------------------------------------------------------------
- Compiling with Angular sources in partial compilation mode.
✔ Compiling with Angular sources in partial compilation mode.
- Writing FESM and DTS bundles
✔ Writing FESM and DTS bundles
✔ Built @ciag/orchestra/segmented-control

------------------------------------------------------------------------------
Building entry point '@ciag/orchestra/p2'
------------------------------------------------------------------------------
- Compiling with Angular sources in partial compilation mode.
✔ Compiling with Angular sources in partial compilation mode.
- Writing FESM and DTS bundles
✔ Writing FESM and DTS bundles
✔ Built @ciag/orchestra/p2

------------------------------------------------------------------------------
Building entry point '@ciag/orchestra/menu'
------------------------------------------------------------------------------
- Compiling with Angular sources in partial compilation mode.
✔ Compiling with Angular sources in partial compilation mode.
- Writing FESM and DTS bundles
✔ Writing FESM and DTS bundles
✔ Built @ciag/orchestra/menu

------------------------------------------------------------------------------
Building entry point '@ciag/orchestra/navigation'
------------------------------------------------------------------------------
- Compiling with Angular sources in partial compilation mode.
✔ Compiling with Angular sources in partial compilation mode.
- Writing FESM and DTS bundles
✔ Writing FESM and DTS bundles
✔ Built @ciag/orchestra/navigation

------------------------------------------------------------------------------
Building entry point '@ciag/orchestra/dialog'
------------------------------------------------------------------------------
- Compiling with Angular sources in partial compilation mode.
✔ Compiling with Angular sources in partial compilation mode.
- Writing FESM and DTS bundles
✔ Writing FESM and DTS bundles
✔ Built @ciag/orchestra/dialog

------------------------------------------------------------------------------
Building entry point '@ciag/orchestra/pagination'
------------------------------------------------------------------------------
- Compiling with Angular sources in partial compilation mode.
✔ Compiling with Angular sources in partial compilation mode.
- Writing FESM and DTS bundles
✔ Writing FESM and DTS bundles
✔ Built @ciag/orchestra/pagination

------------------------------------------------------------------------------
Building entry point '@ciag/orchestra/drawer'
------------------------------------------------------------------------------
- Compiling with Angular sources in partial compilation mode.
✔ Compiling with Angular sources in partial compilation mode.
- Writing FESM and DTS bundles
✔ Writing FESM and DTS bundles
✔ Built @ciag/orchestra/drawer

------------------------------------------------------------------------------
Building entry point '@ciag/orchestra/date-picker'
------------------------------------------------------------------------------
- Compiling with Angular sources in partial compilation mode.
✔ Compiling with Angular sources in partial compilation mode.
- Writing FESM and DTS bundles
✔ Writing FESM and DTS bundles
✔ Built @ciag/orchestra/date-picker

------------------------------------------------------------------------------
Building entry point '@ciag/orchestra/tree-view'
------------------------------------------------------------------------------
- Compiling with Angular sources in partial compilation mode.
✔ Compiling with Angular sources in partial compilation mode.
- Writing FESM and DTS bundles
✔ Writing FESM and DTS bundles
✔ Built @ciag/orchestra/tree-view

------------------------------------------------------------------------------
Building entry point '@ciag/orchestra/form-field'
------------------------------------------------------------------------------
- Compiling with Angular sources in partial compilation mode.
✔ Compiling with Angular sources in partial compilation mode.
- Writing FESM and DTS bundles
✔ Writing FESM and DTS bundles
✔ Built @ciag/orchestra/form-field

------------------------------------------------------------------------------
Building entry point '@ciag/orchestra/list'
------------------------------------------------------------------------------
- Compiling with Angular sources in partial compilation mode.
✔ Compiling with Angular sources in partial compilation mode.
- Writing FESM and DTS bundles
✔ Writing FESM and DTS bundles
✔ Built @ciag/orchestra/list

------------------------------------------------------------------------------
Building entry point '@ciag/orchestra/autocomplete'
------------------------------------------------------------------------------
- Compiling with Angular sources in partial compilation mode.
✔ Compiling with Angular sources in partial compilation mode.
- Writing FESM and DTS bundles
✔ Writing FESM and DTS bundles
✔ Built @ciag/orchestra/autocomplete

------------------------------------------------------------------------------
Building entry point '@ciag/orchestra/carousel'
------------------------------------------------------------------------------
- Compiling with Angular sources in partial compilation mode.
✔ Compiling with Angular sources in partial compilation mode.
- Writing FESM and DTS bundles
✔ Writing FESM and DTS bundles
✔ Built @ciag/orchestra/carousel

------------------------------------------------------------------------------
Building entry point '@ciag/orchestra/chip'
------------------------------------------------------------------------------
- Compiling with Angular sources in partial compilation mode.
✔ Compiling with Angular sources in partial compilation mode.
- Writing FESM and DTS bundles
✔ Writing FESM and DTS bundles
✔ Built @ciag/orchestra/chip

------------------------------------------------------------------------------
Building entry point '@ciag/orchestra/collapsible'
------------------------------------------------------------------------------
- Compiling with Angular sources in partial compilation mode.
✔ Compiling with Angular sources in partial compilation mode.
- Writing FESM and DTS bundles
✔ Writing FESM and DTS bundles
✔ Built @ciag/orchestra/collapsible

------------------------------------------------------------------------------
Building entry point '@ciag/orchestra/color-picker'
------------------------------------------------------------------------------
- Compiling with Angular sources in partial compilation mode.
✔ Compiling with Angular sources in partial compilation mode.
- Writing FESM and DTS bundles
✔ Writing FESM and DTS bundles
✔ Built @ciag/orchestra/color-picker

------------------------------------------------------------------------------
Building entry point '@ciag/orchestra/divider'
------------------------------------------------------------------------------
- Compiling with Angular sources in partial compilation mode.
✔ Compiling with Angular sources in partial compilation mode.
- Writing FESM and DTS bundles
✔ Writing FESM and DTS bundles
✔ Built @ciag/orchestra/divider

------------------------------------------------------------------------------
Building entry point '@ciag/orchestra/form'
------------------------------------------------------------------------------
- Compiling with Angular sources in partial compilation mode.
✔ Compiling with Angular sources in partial compilation mode.
- Writing FESM and DTS bundles
✔ Writing FESM and DTS bundles
✔ Built @ciag/orchestra/form

------------------------------------------------------------------------------
Building entry point '@ciag/orchestra/icon'
------------------------------------------------------------------------------
- Compiling with Angular sources in partial compilation mode.
✔ Compiling with Angular sources in partial compilation mode.
- Writing FESM and DTS bundles
✔ Writing FESM and DTS bundles
✔ Built @ciag/orchestra/icon

------------------------------------------------------------------------------
Building entry point '@ciag/orchestra/image'
------------------------------------------------------------------------------
- Compiling with Angular sources in partial compilation mode.
✔ Compiling with Angular sources in partial compilation mode.
- Writing FESM and DTS bundles
✔ Writing FESM and DTS bundles
✔ Built @ciag/orchestra/image

------------------------------------------------------------------------------
Building entry point '@ciag/orchestra/number-input'
------------------------------------------------------------------------------
- Compiling with Angular sources in partial compilation mode.
✔ Compiling with Angular sources in partial compilation mode.
- Writing FESM and DTS bundles
✔ Writing FESM and DTS bundles
✔ Built @ciag/orchestra/number-input

------------------------------------------------------------------------------
Building entry point '@ciag/orchestra/scroll-area'
------------------------------------------------------------------------------
- Compiling with Angular sources in partial compilation mode.
✔ Compiling with Angular sources in partial compilation mode.
- Writing FESM and DTS bundles
✔ Writing FESM and DTS bundles
✔ Built @ciag/orchestra/scroll-area

------------------------------------------------------------------------------
Building entry point '@ciag/orchestra/text-input'
------------------------------------------------------------------------------
- Compiling with Angular sources in partial compilation mode.
✔ Compiling with Angular sources in partial compilation mode.
- Writing FESM and DTS bundles
✔ Writing FESM and DTS bundles
✔ Built @ciag/orchestra/text-input

------------------------------------------------------------------------------
Building entry point '@ciag/orchestra/timeline'
------------------------------------------------------------------------------
- Compiling with Angular sources in partial compilation mode.
✔ Compiling with Angular sources in partial compilation mode.
- Writing FESM and DTS bundles
✔ Writing FESM and DTS bundles
✔ Built @ciag/orchestra/timeline

------------------------------------------------------------------------------
Building entry point '@ciag/orchestra/toggle'
------------------------------------------------------------------------------
- Compiling with Angular sources in partial compilation mode.
✔ Compiling with Angular sources in partial compilation mode.
- Writing FESM and DTS bundles
✔ Writing FESM and DTS bundles
✔ Built @ciag/orchestra/toggle

------------------------------------------------------------------------------
Building entry point '@ciag/orchestra/toolbar'
------------------------------------------------------------------------------
- Compiling with Angular sources in partial compilation mode.
✔ Compiling with Angular sources in partial compilation mode.
- Writing FESM and DTS bundles
✔ Writing FESM and DTS bundles
✔ Built @ciag/orchestra/toolbar

------------------------------------------------------------------------------
Building entry point '@ciag/orchestra/button-group'
------------------------------------------------------------------------------
- Compiling with Angular sources in partial compilation mode.
✔ Compiling with Angular sources in partial compilation mode.
- Writing FESM and DTS bundles
✔ Writing FESM and DTS bundles
✔ Built @ciag/orchestra/button-group

------------------------------------------------------------------------------
Building entry point '@ciag/orchestra/calendar'
------------------------------------------------------------------------------
- Compiling with Angular sources in partial compilation mode.
✔ Compiling with Angular sources in partial compilation mode.
- Writing FESM and DTS bundles
✔ Writing FESM and DTS bundles
✔ Built @ciag/orchestra/calendar

------------------------------------------------------------------------------
Building entry point '@ciag/orchestra/code'
------------------------------------------------------------------------------
- Compiling with Angular sources in partial compilation mode.
✔ Compiling with Angular sources in partial compilation mode.
- Writing FESM and DTS bundles
✔ Writing FESM and DTS bundles
✔ Built @ciag/orchestra/code

------------------------------------------------------------------------------
Building entry point '@ciag/orchestra/combobox'
------------------------------------------------------------------------------
- Compiling with Angular sources in partial compilation mode.
✔ Compiling with Angular sources in partial compilation mode.
- Writing FESM and DTS bundles
✔ Writing FESM and DTS bundles
✔ Built @ciag/orchestra/combobox

------------------------------------------------------------------------------
Building entry point '@ciag/orchestra/file-upload'
------------------------------------------------------------------------------
- Compiling with Angular sources in partial compilation mode.
✔ Compiling with Angular sources in partial compilation mode.
- Writing FESM and DTS bundles
✔ Writing FESM and DTS bundles
✔ Built @ciag/orchestra/file-upload

------------------------------------------------------------------------------
Building entry point '@ciag/orchestra/grid'
------------------------------------------------------------------------------
- Compiling with Angular sources in partial compilation mode.
✔ Compiling with Angular sources in partial compilation mode.
- Writing FESM and DTS bundles
✔ Writing FESM and DTS bundles
✔ Built @ciag/orchestra/grid

------------------------------------------------------------------------------
Building entry point '@ciag/orchestra/kbd'
------------------------------------------------------------------------------
- Compiling with Angular sources in partial compilation mode.
✔ Compiling with Angular sources in partial compilation mode.
- Writing FESM and DTS bundles
✔ Writing FESM and DTS bundles
✔ Built @ciag/orchestra/kbd

------------------------------------------------------------------------------
Building entry point '@ciag/orchestra/link'
------------------------------------------------------------------------------
- Compiling with Angular sources in partial compilation mode.
✔ Compiling with Angular sources in partial compilation mode.
- Writing FESM and DTS bundles
✔ Writing FESM and DTS bundles
✔ Built @ciag/orchestra/link

------------------------------------------------------------------------------
Building entry point '@ciag/orchestra/menubar'
------------------------------------------------------------------------------
- Compiling with Angular sources in partial compilation mode.
✔ Compiling with Angular sources in partial compilation mode.
- Writing FESM and DTS bundles
✔ Writing FESM and DTS bundles
✔ Built @ciag/orchestra/menubar

------------------------------------------------------------------------------
Building entry point '@ciag/orchestra/splitter'
------------------------------------------------------------------------------
- Compiling with Angular sources in partial compilation mode.
✔ Compiling with Angular sources in partial compilation mode.
- Writing FESM and DTS bundles
✔ Writing FESM and DTS bundles
✔ Built @ciag/orchestra/splitter

------------------------------------------------------------------------------
Building entry point '@ciag/orchestra/typography'
------------------------------------------------------------------------------
- Compiling with Angular sources in partial compilation mode.
✔ Compiling with Angular sources in partial compilation mode.
- Writing FESM and DTS bundles
✔ Writing FESM and DTS bundles
✔ Built @ciag/orchestra/typography

------------------------------------------------------------------------------
Building entry point '@ciag/orchestra/aspect-ratio'
------------------------------------------------------------------------------
- Compiling with Angular sources in partial compilation mode.
✔ Compiling with Angular sources in partial compilation mode.
- Writing FESM and DTS bundles
✔ Writing FESM and DTS bundles
✔ Built @ciag/orchestra/aspect-ratio

------------------------------------------------------------------------------
Building entry point '@ciag/orchestra/container'
------------------------------------------------------------------------------
- Compiling with Angular sources in partial compilation mode.
✔ Compiling with Angular sources in partial compilation mode.
- Writing FESM and DTS bundles
✔ Writing FESM and DTS bundles
✔ Built @ciag/orchestra/container

------------------------------------------------------------------------------
Building entry point '@ciag/orchestra/floating-action-button'
------------------------------------------------------------------------------
- Compiling with Angular sources in partial compilation mode.
✔ Compiling with Angular sources in partial compilation mode.
- Writing FESM and DTS bundles
✔ Writing FESM and DTS bundles
✔ Built @ciag/orchestra/floating-action-button

------------------------------------------------------------------------------
Building entry point '@ciag/orchestra/hover-card'
------------------------------------------------------------------------------
- Compiling with Angular sources in partial compilation mode.
✔ Compiling with Angular sources in partial compilation mode.
- Writing FESM and DTS bundles
✔ Writing FESM and DTS bundles
✔ Built @ciag/orchestra/hover-card

------------------------------------------------------------------------------
Building entry point '@ciag/orchestra/portal'
------------------------------------------------------------------------------
- Compiling with Angular sources in partial compilation mode.
✔ Compiling with Angular sources in partial compilation mode.
- Writing FESM and DTS bundles
✔ Writing FESM and DTS bundles
✔ Built @ciag/orchestra/portal

------------------------------------------------------------------------------
Building entry point '@ciag/orchestra/separator'
------------------------------------------------------------------------------
- Compiling with Angular sources in partial compilation mode.
✔ Compiling with Angular sources in partial compilation mode.
- Writing FESM and DTS bundles
✔ Writing FESM and DTS bundles
✔ Built @ciag/orchestra/separator

------------------------------------------------------------------------------
Building entry point '@ciag/orchestra/stack'
------------------------------------------------------------------------------
- Compiling with Angular sources in partial compilation mode.
✔ Compiling with Angular sources in partial compilation mode.
- Writing FESM and DTS bundles
✔ Writing FESM and DTS bundles
✔ Built @ciag/orchestra/stack

------------------------------------------------------------------------------
Building entry point '@ciag/orchestra/visually-hidden'
------------------------------------------------------------------------------
- Compiling with Angular sources in partial compilation mode.
✔ Compiling with Angular sources in partial compilation mode.
- Writing FESM and DTS bundles
✔ Writing FESM and DTS bundles
✔ Built @ciag/orchestra/visually-hidden

------------------------------------------------------------------------------
Building entry point '@ciag/orchestra/box'
------------------------------------------------------------------------------
- Compiling with Angular sources in partial compilation mode.
✔ Compiling with Angular sources in partial compilation mode.
- Writing FESM and DTS bundles
✔ Writing FESM and DTS bundles
✔ Built @ciag/orchestra/box

------------------------------------------------------------------------------
Building entry point '@ciag/orchestra/close-button'
------------------------------------------------------------------------------
- Compiling with Angular sources in partial compilation mode.
✔ Compiling with Angular sources in partial compilation mode.
- Writing FESM and DTS bundles
✔ Writing FESM and DTS bundles
✔ Built @ciag/orchestra/close-button

------------------------------------------------------------------------------
Building entry point '@ciag/orchestra/context-menu'
------------------------------------------------------------------------------
- Compiling with Angular sources in partial compilation mode.
✔ Compiling with Angular sources in partial compilation mode.
- Writing FESM and DTS bundles
✔ Writing FESM and DTS bundles
✔ Built @ciag/orchestra/context-menu

------------------------------------------------------------------------------
Building entry point '@ciag/orchestra/data-table'
------------------------------------------------------------------------------
- Compiling with Angular sources in partial compilation mode.
✔ Compiling with Angular sources in partial compilation mode.
- Writing FESM and DTS bundles
✔ Writing FESM and DTS bundles
✔ Built @ciag/orchestra/data-table

------------------------------------------------------------------------------
Building entry point '@ciag/orchestra/date-input'
------------------------------------------------------------------------------
- Compiling with Angular sources in partial compilation mode.
✔ Compiling with Angular sources in partial compilation mode.
- Writing FESM and DTS bundles
✔ Writing FESM and DTS bundles
✔ Built @ciag/orchestra/date-input

------------------------------------------------------------------------------
Building entry point '@ciag/orchestra/flex'
------------------------------------------------------------------------------
- Compiling with Angular sources in partial compilation mode.
✔ Compiling with Angular sources in partial compilation mode.
- Writing FESM and DTS bundles
✔ Writing FESM and DTS bundles
✔ Built @ciag/orchestra/flex

------------------------------------------------------------------------------
Building entry point '@ciag/orchestra/input-group'
------------------------------------------------------------------------------
- Compiling with Angular sources in partial compilation mode.
✔ Compiling with Angular sources in partial compilation mode.
- Writing FESM and DTS bundles
✔ Writing FESM and DTS bundles
✔ Built @ciag/orchestra/input-group

------------------------------------------------------------------------------
Building entry point '@ciag/orchestra/listbox'
------------------------------------------------------------------------------
- Compiling with Angular sources in partial compilation mode.
✔ Compiling with Angular sources in partial compilation mode.
- Writing FESM and DTS bundles
✔ Writing FESM and DTS bundles
✔ Built @ciag/orchestra/listbox

------------------------------------------------------------------------------
Building entry point '@ciag/orchestra/multi-select'
------------------------------------------------------------------------------
- Compiling with Angular sources in partial compilation mode.
✔ Compiling with Angular sources in partial compilation mode.
- Writing FESM and DTS bundles
✔ Writing FESM and DTS bundles
✔ Built @ciag/orchestra/multi-select

------------------------------------------------------------------------------
Building entry point '@ciag/orchestra/space'
------------------------------------------------------------------------------
- Compiling with Angular sources in partial compilation mode.
✔ Compiling with Angular sources in partial compilation mode.
- Writing FESM and DTS bundles
✔ Writing FESM and DTS bundles
✔ Built @ciag/orchestra/space

------------------------------------------------------------------------------
Building entry point '@ciag/orchestra/speed-dial'
------------------------------------------------------------------------------
- Compiling with Angular sources in partial compilation mode.
✔ Compiling with Angular sources in partial compilation mode.
- Writing FESM and DTS bundles
✔ Writing FESM and DTS bundles
✔ Built @ciag/orchestra/speed-dial

------------------------------------------------------------------------------
Building entry point '@ciag/orchestra/tags-input'
------------------------------------------------------------------------------
- Compiling with Angular sources in partial compilation mode.
✔ Compiling with Angular sources in partial compilation mode.
- Writing FESM and DTS bundles
✔ Writing FESM and DTS bundles
✔ Built @ciag/orchestra/tags-input

------------------------------------------------------------------------------
Building entry point '@ciag/orchestra/text'
------------------------------------------------------------------------------
- Compiling with Angular sources in partial compilation mode.
✔ Compiling with Angular sources in partial compilation mode.
- Writing FESM and DTS bundles
✔ Writing FESM and DTS bundles
✔ Built @ciag/orchestra/text

------------------------------------------------------------------------------
Building entry point '@ciag/orchestra/tree-select'
------------------------------------------------------------------------------
- Compiling with Angular sources in partial compilation mode.
✔ Compiling with Angular sources in partial compilation mode.
- Writing FESM and DTS bundles
✔ Writing FESM and DTS bundles
✔ Built @ciag/orchestra/tree-select

------------------------------------------------------------------------------
Building entry point '@ciag/orchestra/virtual-scroller'
------------------------------------------------------------------------------
- Compiling with Angular sources in partial compilation mode.
✔ Compiling with Angular sources in partial compilation mode.
- Writing FESM and DTS bundles
✔ Writing FESM and DTS bundles
✔ Built @ciag/orchestra/virtual-scroller

------------------------------------------------------------------------------
Building entry point '@ciag/orchestra/panel'
------------------------------------------------------------------------------
- Compiling with Angular sources in partial compilation mode.
✔ Compiling with Angular sources in partial compilation mode.
- Writing FESM and DTS bundles
✔ Writing FESM and DTS bundles
✔ Built @ciag/orchestra/panel

------------------------------------------------------------------------------
Building entry point '@ciag/orchestra/float-label'
------------------------------------------------------------------------------
- Compiling with Angular sources in partial compilation mode.
✔ Compiling with Angular sources in partial compilation mode.
- Writing FESM and DTS bundles
✔ Writing FESM and DTS bundles
✔ Built @ciag/orchestra/float-label

------------------------------------------------------------------------------
Building entry point '@ciag/orchestra/fluid'
------------------------------------------------------------------------------
- Compiling with Angular sources in partial compilation mode.
✔ Compiling with Angular sources in partial compilation mode.
- Writing FESM and DTS bundles
✔ Writing FESM and DTS bundles
✔ Built @ciag/orchestra/fluid

------------------------------------------------------------------------------
Building entry point '@ciag/orchestra/overlay-badge'
------------------------------------------------------------------------------
- Compiling with Angular sources in partial compilation mode.
✔ Compiling with Angular sources in partial compilation mode.
- Writing FESM and DTS bundles
✔ Writing FESM and DTS bundles
✔ Built @ciag/orchestra/overlay-badge

------------------------------------------------------------------------------
Building entry point '@ciag/orchestra/meter-group'
------------------------------------------------------------------------------
- Compiling with Angular sources in partial compilation mode.
✔ Compiling with Angular sources in partial compilation mode.
- Writing FESM and DTS bundles
✔ Writing FESM and DTS bundles
✔ Built @ciag/orchestra/meter-group

------------------------------------------------------------------------------
Building entry point '@ciag/orchestra/password'
------------------------------------------------------------------------------
- Compiling with Angular sources in partial compilation mode.
✔ Compiling with Angular sources in partial compilation mode.
- Writing FESM and DTS bundles
✔ Writing FESM and DTS bundles
✔ Built @ciag/orchestra/password

------------------------------------------------------------------------------
Building entry point '@ciag/orchestra/split-button'
------------------------------------------------------------------------------
- Compiling with Angular sources in partial compilation mode.
✔ Compiling with Angular sources in partial compilation mode.
- Writing FESM and DTS bundles
✔ Writing FESM and DTS bundles
✔ Built @ciag/orchestra/split-button

------------------------------------------------------------------------------
Building entry point '@ciag/orchestra/scroll-top'
------------------------------------------------------------------------------
- Compiling with Angular sources in partial compilation mode.
✔ Compiling with Angular sources in partial compilation mode.
- Writing FESM and DTS bundles
✔ Writing FESM and DTS bundles
✔ Built @ciag/orchestra/scroll-top

------------------------------------------------------------------------------
Building entry point '@ciag/orchestra/tiered-menu'
------------------------------------------------------------------------------
- Compiling with Angular sources in partial compilation mode.
✔ Compiling with Angular sources in partial compilation mode.
- Writing FESM and DTS bundles
✔ Writing FESM and DTS bundles
✔ Built @ciag/orchestra/tiered-menu

------------------------------------------------------------------------------
Building entry point '@ciag/orchestra/panel-menu'
------------------------------------------------------------------------------
- Compiling with Angular sources in partial compilation mode.
✔ Compiling with Angular sources in partial compilation mode.
- Writing FESM and DTS bundles
✔ Writing FESM and DTS bundles
✔ Built @ciag/orchestra/panel-menu

------------------------------------------------------------------------------
Building entry point '@ciag/orchestra/mega-menu'
------------------------------------------------------------------------------
- Compiling with Angular sources in partial compilation mode.
✔ Compiling with Angular sources in partial compilation mode.
- Writing FESM and DTS bundles
✔ Writing FESM and DTS bundles
✔ Built @ciag/orchestra/mega-menu

------------------------------------------------------------------------------
Building entry point '@ciag/orchestra/block-ui'
------------------------------------------------------------------------------
- Compiling with Angular sources in partial compilation mode.
✔ Compiling with Angular sources in partial compilation mode.
- Writing FESM and DTS bundles
✔ Writing FESM and DTS bundles
✔ Built @ciag/orchestra/block-ui

------------------------------------------------------------------------------
Building entry point '@ciag/orchestra/confirm-dialog'
------------------------------------------------------------------------------
- Compiling with Angular sources in partial compilation mode.
✔ Compiling with Angular sources in partial compilation mode.
- Writing FESM and DTS bundles
✔ Writing FESM and DTS bundles
✔ Built @ciag/orchestra/confirm-dialog

------------------------------------------------------------------------------
Building entry point '@ciag/orchestra/data-view'
------------------------------------------------------------------------------
- Compiling with Angular sources in partial compilation mode.
✔ Compiling with Angular sources in partial compilation mode.
- Writing FESM and DTS bundles
✔ Writing FESM and DTS bundles
✔ Built @ciag/orchestra/data-view

------------------------------------------------------------------------------
Building entry point '@ciag/orchestra/input-group-addon'
------------------------------------------------------------------------------
- Compiling with Angular sources in partial compilation mode.
✔ Compiling with Angular sources in partial compilation mode.
- Writing FESM and DTS bundles
✔ Writing FESM and DTS bundles
✔ Built @ciag/orchestra/input-group-addon

------------------------------------------------------------------------------
Building entry point '@ciag/orchestra/icon-field'
------------------------------------------------------------------------------
- Compiling with Angular sources in partial compilation mode.
✔ Compiling with Angular sources in partial compilation mode.
- Writing FESM and DTS bundles
✔ Writing FESM and DTS bundles
✔ Built @ciag/orchestra/icon-field

------------------------------------------------------------------------------
Building entry point '@ciag/orchestra/ifta-label'
------------------------------------------------------------------------------
- Compiling with Angular sources in partial compilation mode.
✔ Compiling with Angular sources in partial compilation mode.
- Writing FESM and DTS bundles
✔ Writing FESM and DTS bundles
✔ Built @ciag/orchestra/ifta-label

------------------------------------------------------------------------------
Building entry point '@ciag/orchestra/inplace'
------------------------------------------------------------------------------
- Compiling with Angular sources in partial compilation mode.
✔ Compiling with Angular sources in partial compilation mode.
- Writing FESM and DTS bundles
✔ Writing FESM and DTS bundles
✔ Built @ciag/orchestra/inplace

------------------------------------------------------------------------------
Building entry point '@ciag/orchestra/terminal'
------------------------------------------------------------------------------
- Compiling with Angular sources in partial compilation mode.
✔ Compiling with Angular sources in partial compilation mode.
- Writing FESM and DTS bundles
✔ Writing FESM and DTS bundles
✔ Built @ciag/orchestra/terminal

------------------------------------------------------------------------------
Building entry point '@ciag/orchestra/image-compare'
------------------------------------------------------------------------------
- Compiling with Angular sources in partial compilation mode.
✔ Compiling with Angular sources in partial compilation mode.
- Writing FESM and DTS bundles
✔ Writing FESM and DTS bundles
✔ Built @ciag/orchestra/image-compare

------------------------------------------------------------------------------
Building entry point '@ciag/orchestra/tree'
------------------------------------------------------------------------------
- Compiling with Angular sources in partial compilation mode.
✔ Compiling with Angular sources in partial compilation mode.
- Writing FESM and DTS bundles
✔ Writing FESM and DTS bundles
✔ Built @ciag/orchestra/tree

------------------------------------------------------------------------------
Building entry point '@ciag/orchestra/tree-table'
------------------------------------------------------------------------------
- Compiling with Angular sources in partial compilation mode.
✔ Compiling with Angular sources in partial compilation mode.
- Writing FESM and DTS bundles
✔ Writing FESM and DTS bundles
✔ Built @ciag/orchestra/tree-table

------------------------------------------------------------------------------
Building entry point '@ciag/orchestra/chart'
------------------------------------------------------------------------------
- Compiling with Angular sources in partial compilation mode.
✔ Compiling with Angular sources in partial compilation mode.
- Writing FESM and DTS bundles
✔ Writing FESM and DTS bundles
✔ Built @ciag/orchestra/chart

------------------------------------------------------------------------------
Building entry point '@ciag/orchestra/editor'
------------------------------------------------------------------------------
- Compiling with Angular sources in partial compilation mode.
✔ Compiling with Angular sources in partial compilation mode.
- Writing FESM and DTS bundles
✔ Writing FESM and DTS bundles
✔ Built @ciag/orchestra/editor

------------------------------------------------------------------------------
Building entry point '@ciag/orchestra/order-list'
------------------------------------------------------------------------------
- Compiling with Angular sources in partial compilation mode.
✔ Compiling with Angular sources in partial compilation mode.
- Writing FESM and DTS bundles
✔ Writing FESM and DTS bundles
✔ Built @ciag/orchestra/order-list

------------------------------------------------------------------------------
Building entry point '@ciag/orchestra/pick-list'
------------------------------------------------------------------------------
- Compiling with Angular sources in partial compilation mode.
✔ Compiling with Angular sources in partial compilation mode.
- Writing FESM and DTS bundles
✔ Writing FESM and DTS bundles
✔ Built @ciag/orchestra/pick-list

------------------------------------------------------------------------------
Building entry point '@ciag/orchestra/galleria'
------------------------------------------------------------------------------
- Compiling with Angular sources in partial compilation mode.
✔ Compiling with Angular sources in partial compilation mode.
- Writing FESM and DTS bundles
✔ Writing FESM and DTS bundles
✔ Built @ciag/orchestra/galleria

------------------------------------------------------------------------------
Building entry point '@ciag/orchestra/select-button'
------------------------------------------------------------------------------
- Compiling with Angular sources in partial compilation mode.
✔ Compiling with Angular sources in partial compilation mode.
- Writing FESM and DTS bundles
✔ Writing FESM and DTS bundles
✔ Built @ciag/orchestra/select-button

------------------------------------------------------------------------------
Building entry point '@ciag/orchestra/toggle-button'
------------------------------------------------------------------------------
- Compiling with Angular sources in partial compilation mode.
✔ Compiling with Angular sources in partial compilation mode.
- Writing FESM and DTS bundles
✔ Writing FESM and DTS bundles
✔ Built @ciag/orchestra/toggle-button

------------------------------------------------------------------------------
Building entry point '@ciag/orchestra/cascade-select'
------------------------------------------------------------------------------
- Compiling with Angular sources in partial compilation mode.
✔ Compiling with Angular sources in partial compilation mode.
- Writing FESM and DTS bundles
✔ Writing FESM and DTS bundles
✔ Built @ciag/orchestra/cascade-select

------------------------------------------------------------------------------
Building entry point '@ciag/orchestra/key-filter'
------------------------------------------------------------------------------
- Compiling with Angular sources in partial compilation mode.
✔ Compiling with Angular sources in partial compilation mode.
- Writing FESM and DTS bundles
✔ Writing FESM and DTS bundles
✔ Built @ciag/orchestra/key-filter

------------------------------------------------------------------------------
Building entry point '@ciag/orchestra/input-mask'
------------------------------------------------------------------------------
- Compiling with Angular sources in partial compilation mode.
✔ Compiling with Angular sources in partial compilation mode.
- Writing FESM and DTS bundles
✔ Writing FESM and DTS bundles
✔ Built @ciag/orchestra/input-mask

------------------------------------------------------------------------------
Building entry point '@ciag/orchestra/organization-chart'
------------------------------------------------------------------------------
- Compiling with Angular sources in partial compilation mode.
✔ Compiling with Angular sources in partial compilation mode.
- Writing FESM and DTS bundles
✔ Writing FESM and DTS bundles
✔ Built @ciag/orchestra/organization-chart

------------------------------------------------------------------------------
Building entry point '@ciag/orchestra/knob'
------------------------------------------------------------------------------
- Compiling with Angular sources in partial compilation mode.
✔ Compiling with Angular sources in partial compilation mode.
- Writing FESM and DTS bundles
✔ Writing FESM and DTS bundles
✔ Built @ciag/orchestra/knob

------------------------------------------------------------------------------
Building entry point '@ciag/orchestra/ripple'
------------------------------------------------------------------------------
- Compiling with Angular sources in partial compilation mode.
✔ Compiling with Angular sources in partial compilation mode.
- Writing FESM and DTS bundles
✔ Writing FESM and DTS bundles
✔ Built @ciag/orchestra/ripple

------------------------------------------------------------------------------
Building entry point '@ciag/orchestra/style-class'
------------------------------------------------------------------------------
- Compiling with Angular sources in partial compilation mode.
✔ Compiling with Angular sources in partial compilation mode.
- Writing FESM and DTS bundles
✔ Writing FESM and DTS bundles
✔ Built @ciag/orchestra/style-class

------------------------------------------------------------------------------
Building entry point '@ciag/orchestra/progress-bar'
------------------------------------------------------------------------------
- Compiling with Angular sources in partial compilation mode.
✔ Compiling with Angular sources in partial compilation mode.
- Writing FESM and DTS bundles
✔ Writing FESM and DTS bundles
✔ Built @ciag/orchestra/progress-bar

------------------------------------------------------------------------------
Building entry point '@ciag/orchestra/progress-spinner'
------------------------------------------------------------------------------
- Compiling with Angular sources in partial compilation mode.
✔ Compiling with Angular sources in partial compilation mode.
- Writing FESM and DTS bundles
✔ Writing FESM and DTS bundles
✔ Built @ciag/orchestra/progress-spinner

------------------------------------------------------------------------------
Building entry point '@ciag/orchestra/input-color'
------------------------------------------------------------------------------
- Compiling with Angular sources in partial compilation mode.
✔ Compiling with Angular sources in partial compilation mode.
- Writing FESM and DTS bundles
✔ Writing FESM and DTS bundles
✔ Built @ciag/orchestra/input-color

------------------------------------------------------------------------------
Building entry point '@ciag/orchestra/input-password'
------------------------------------------------------------------------------
- Compiling with Angular sources in partial compilation mode.
✔ Compiling with Angular sources in partial compilation mode.
- Writing FESM and DTS bundles
✔ Writing FESM and DTS bundles
✔ Built @ciag/orchestra/input-password

------------------------------------------------------------------------------
Building entry point '@ciag/orchestra/input-number'
------------------------------------------------------------------------------
- Compiling with Angular sources in partial compilation mode.
✔ Compiling with Angular sources in partial compilation mode.
- Writing FESM and DTS bundles
✔ Writing FESM and DTS bundles
✔ Built @ciag/orchestra/input-number

------------------------------------------------------------------------------
Building entry point '@ciag/orchestra/input-text'
------------------------------------------------------------------------------
- Compiling with Angular sources in partial compilation mode.
✔ Compiling with Angular sources in partial compilation mode.
- Writing FESM and DTS bundles
✔ Writing FESM and DTS bundles
✔ Built @ciag/orchestra/input-text

------------------------------------------------------------------------------
Building entry point '@ciag/orchestra/textarea'
------------------------------------------------------------------------------
- Compiling with Angular sources in partial compilation mode.
✔ Compiling with Angular sources in partial compilation mode.
- Writing FESM and DTS bundles
✔ Writing FESM and DTS bundles
✔ Built @ciag/orchestra/textarea

------------------------------------------------------------------------------
Building entry point '@ciag/orchestra/input-textarea'
------------------------------------------------------------------------------
- Compiling with Angular sources in partial compilation mode.
✔ Compiling with Angular sources in partial compilation mode.
- Writing FESM and DTS bundles
✔ Writing FESM and DTS bundles
✔ Built @ciag/orchestra/input-textarea

------------------------------------------------------------------------------
Building entry point '@ciag/orchestra/input-tags'
------------------------------------------------------------------------------
- Compiling with Angular sources in partial compilation mode.
✔ Compiling with Angular sources in partial compilation mode.
- Writing FESM and DTS bundles
✔ Writing FESM and DTS bundles
✔ Built @ciag/orchestra/input-tags

------------------------------------------------------------------------------
Building entry point '@ciag/orchestra/toggle-switch'
------------------------------------------------------------------------------
- Compiling with Angular sources in partial compilation mode.
✔ Compiling with Angular sources in partial compilation mode.
- Writing FESM and DTS bundles
✔ Writing FESM and DTS bundles
✔ Built @ciag/orchestra/toggle-switch

------------------------------------------------------------------------------
Building entry point '@ciag/orchestra/autofocus'
------------------------------------------------------------------------------
- Compiling with Angular sources in partial compilation mode.
✔ Compiling with Angular sources in partial compilation mode.
- Writing FESM and DTS bundles
✔ Writing FESM and DTS bundles
✔ Built @ciag/orchestra/autofocus

------------------------------------------------------------------------------
Building entry point '@ciag/orchestra/dock'
------------------------------------------------------------------------------
- Compiling with Angular sources in partial compilation mode.
✔ Compiling with Angular sources in partial compilation mode.
- Writing FESM and DTS bundles
✔ Writing FESM and DTS bundles
✔ Built @ciag/orchestra/dock

------------------------------------------------------------------------------
Building entry point '@ciag/orchestra/scroll-panel'
------------------------------------------------------------------------------
- Compiling with Angular sources in partial compilation mode.
✔ Compiling with Angular sources in partial compilation mode.
- Writing FESM and DTS bundles
✔ Writing FESM and DTS bundles
✔ Built @ciag/orchestra/scroll-panel

------------------------------------------------------------------------------
Building entry point '@ciag/orchestra/sidebar'
------------------------------------------------------------------------------
- Compiling with Angular sources in partial compilation mode.
✔ Compiling with Angular sources in partial compilation mode.
- Writing FESM and DTS bundles
✔ Writing FESM and DTS bundles
✔ Built @ciag/orchestra/sidebar

------------------------------------------------------------------------------
Building entry point '@ciag/orchestra/dynamic-dialog'
------------------------------------------------------------------------------
- Compiling with Angular sources in partial compilation mode.
✔ Compiling with Angular sources in partial compilation mode.
- Writing FESM and DTS bundles
✔ Writing FESM and DTS bundles
✔ Built @ciag/orchestra/dynamic-dialog

------------------------------------------------------------------------------
Building entry point '@ciag/orchestra/fieldset'
------------------------------------------------------------------------------
- Compiling with Angular sources in partial compilation mode.
✔ Compiling with Angular sources in partial compilation mode.
- Writing FESM and DTS bundles
✔ Writing FESM and DTS bundles
✔ Built @ciag/orchestra/fieldset

------------------------------------------------------------------------------
Building entry point '@ciag/orchestra/input-icon'
------------------------------------------------------------------------------
- Compiling with Angular sources in partial compilation mode.
✔ Compiling with Angular sources in partial compilation mode.
- Writing FESM and DTS bundles
✔ Writing FESM and DTS bundles
✔ Built @ciag/orchestra/input-icon

------------------------------------------------------------------------------
Building entry point '@ciag/orchestra/command-menu'
------------------------------------------------------------------------------
- Compiling with Angular sources in partial compilation mode.
✔ Compiling with Angular sources in partial compilation mode.
- Writing FESM and DTS bundles
✔ Writing FESM and DTS bundles
✔ Built @ciag/orchestra/command-menu

------------------------------------------------------------------------------
Building entry point '@ciag/orchestra/avatar-group'
------------------------------------------------------------------------------
- Compiling with Angular sources in partial compilation mode.
✔ Compiling with Angular sources in partial compilation mode.
- Writing FESM and DTS bundles
✔ Writing FESM and DTS bundles
✔ Built @ciag/orchestra/avatar-group

------------------------------------------------------------------------------
Building entry point '@ciag/orchestra/animate-on-scroll'
------------------------------------------------------------------------------
- Compiling with Angular sources in partial compilation mode.
✔ Compiling with Angular sources in partial compilation mode.
- Writing FESM and DTS bundles
✔ Writing FESM and DTS bundles
✔ Built @ciag/orchestra/animate-on-scroll

------------------------------------------------------------------------------
Building entry point '@ciag/orchestra/focus-trap'
------------------------------------------------------------------------------
- Compiling with Angular sources in partial compilation mode.
✔ Compiling with Angular sources in partial compilation mode.
- Writing FESM and DTS bundles
✔ Writing FESM and DTS bundles
✔ Built @ciag/orchestra/focus-trap

------------------------------------------------------------------------------
Building entry point '@ciag/orchestra/use-style'
------------------------------------------------------------------------------
- Compiling with Angular sources in partial compilation mode.
✔ Compiling with Angular sources in partial compilation mode.
- Writing FESM and DTS bundles
✔ Writing FESM and DTS bundles
✔ Built @ciag/orchestra/use-style

------------------------------------------------------------------------------
Building entry point '@ciag/orchestra/scroller'
------------------------------------------------------------------------------
- Compiling with Angular sources in partial compilation mode.
✔ Compiling with Angular sources in partial compilation mode.
- Writing FESM and DTS bundles
✔ Writing FESM and DTS bundles
✔ Built @ciag/orchestra/scroller

------------------------------------------------------------------------------
Building entry point '@ciag/orchestra/gallery'
------------------------------------------------------------------------------
- Compiling with Angular sources in partial compilation mode.
✔ Compiling with Angular sources in partial compilation mode.
- Writing FESM and DTS bundles
✔ Writing FESM and DTS bundles
✔ Built @ciag/orchestra/gallery

------------------------------------------------------------------------------
Building entry point '@ciag/orchestra/message'
------------------------------------------------------------------------------
- Compiling with Angular sources in partial compilation mode.
✔ Compiling with Angular sources in partial compilation mode.
- Writing FESM and DTS bundles
✔ Writing FESM and DTS bundles
✔ Built @ciag/orchestra/message

------------------------------------------------------------------------------
Building entry point '@ciag/orchestra/label'
------------------------------------------------------------------------------
- Compiling with Angular sources in partial compilation mode.
✔ Compiling with Angular sources in partial compilation mode.
- Writing FESM and DTS bundles
✔ Writing FESM and DTS bundles
✔ Built @ciag/orchestra/label

------------------------------------------------------------------------------
Building entry point '@ciag/orchestra/confirm-popup'
------------------------------------------------------------------------------
- Compiling with Angular sources in partial compilation mode.
✔ Compiling with Angular sources in partial compilation mode.
- Writing FESM and DTS bundles
✔ Writing FESM and DTS bundles
✔ Built @ciag/orchestra/confirm-popup

------------------------------------------------------------------------------
Building entry point '@ciag/orchestra/steps'
------------------------------------------------------------------------------
- Compiling with Angular sources in partial compilation mode.
✔ Compiling with Angular sources in partial compilation mode.
- Writing FESM and DTS bundles
✔ Writing FESM and DTS bundles
✔ Built @ciag/orchestra/steps

------------------------------------------------------------------------------
Building entry point '@ciag/orchestra/datepicker'
------------------------------------------------------------------------------
- Compiling with Angular sources in partial compilation mode.
✔ Compiling with Angular sources in partial compilation mode.
- Writing FESM and DTS bundles
✔ Writing FESM and DTS bundles
✔ Built @ciag/orchestra/datepicker

------------------------------------------------------------------------------
Building entry point '@ciag/orchestra/compare'
------------------------------------------------------------------------------
- Compiling with Angular sources in partial compilation mode.
✔ Compiling with Angular sources in partial compilation mode.
- Writing FESM and DTS bundles
✔ Writing FESM and DTS bundles
✔ Built @ciag/orchestra/compare

------------------------------------------------------------------------------
Building entry point '@ciag/orchestra/input-otp'
------------------------------------------------------------------------------
- Compiling with Angular sources in partial compilation mode.
✔ Compiling with Angular sources in partial compilation mode.
- Writing FESM and DTS bundles
✔ Writing FESM and DTS bundles
✔ Built @ciag/orchestra/input-otp

------------------------------------------------------------------------------
Building entry point '@ciag/orchestra/radio-button'
------------------------------------------------------------------------------
- Compiling with Angular sources in partial compilation mode.
✔ Compiling with Angular sources in partial compilation mode.
- Writing FESM and DTS bundles
✔ Writing FESM and DTS bundles
✔ Built @ciag/orchestra/radio-button

------------------------------------------------------------------------------
Building entry point '@ciag/orchestra/defer'
------------------------------------------------------------------------------
- Compiling with Angular sources in partial compilation mode.
✔ Compiling with Angular sources in partial compilation mode.
- Writing FESM and DTS bundles
✔ Writing FESM and DTS bundles
✔ Built @ciag/orchestra/defer

------------------------------------------------------------------------------
Building entry point '@ciag/orchestra/drag-drop'
------------------------------------------------------------------------------
- Compiling with Angular sources in partial compilation mode.
✔ Compiling with Angular sources in partial compilation mode.
- Writing FESM and DTS bundles
✔ Writing FESM and DTS bundles
✔ Built @ciag/orchestra/drag-drop

------------------------------------------------------------------------------
Building entry point '@ciag/orchestra/tab-menu'
------------------------------------------------------------------------------
- Compiling with Angular sources in partial compilation mode.
✔ Compiling with Angular sources in partial compilation mode.
- Writing FESM and DTS bundles
✔ Writing FESM and DTS bundles
✔ Built @ciag/orchestra/tab-menu

------------------------------------------------------------------------------
Building entry point '@ciag/orchestra/chips'
------------------------------------------------------------------------------
- Compiling with Angular sources in partial compilation mode.
✔ Compiling with Angular sources in partial compilation mode.
- Writing FESM and DTS bundles
✔ Writing FESM and DTS bundles
✔ Built @ciag/orchestra/chips

------------------------------------------------------------------------------
Building entry point '@ciag/orchestra/input-chips'
------------------------------------------------------------------------------
- Compiling with Angular sources in partial compilation mode.
✔ Compiling with Angular sources in partial compilation mode.
- Writing FESM and DTS bundles
✔ Writing FESM and DTS bundles
✔ Built @ciag/orchestra/input-chips

------------------------------------------------------------------------------
Building entry point '@ciag/orchestra'
------------------------------------------------------------------------------
- Compiling with Angular sources in partial compilation mode.
✔ Compiling with Angular sources in partial compilation mode.
- Writing FESM and DTS bundles
✔ Writing FESM and DTS bundles
- Copying assets
✔ Copying assets
- Writing package manifest
✔ Writing package manifest
✔ Built @ciag/orchestra

------------------------------------------------------------------------------
Building entry point '@ciag/orchestra/animateonscroll'
------------------------------------------------------------------------------
- Compiling with Angular sources in partial compilation mode.
✔ Compiling with Angular sources in partial compilation mode.
- Writing FESM and DTS bundles
✔ Writing FESM and DTS bundles
✔ Built @ciag/orchestra/animateonscroll

------------------------------------------------------------------------------
Building entry point '@ciag/orchestra/avatargroup'
------------------------------------------------------------------------------
- Compiling with Angular sources in partial compilation mode.
✔ Compiling with Angular sources in partial compilation mode.
- Writing FESM and DTS bundles
✔ Writing FESM and DTS bundles
✔ Built @ciag/orchestra/avatargroup

------------------------------------------------------------------------------
Building entry point '@ciag/orchestra/blockui'
------------------------------------------------------------------------------
- Compiling with Angular sources in partial compilation mode.
✔ Compiling with Angular sources in partial compilation mode.
- Writing FESM and DTS bundles
✔ Writing FESM and DTS bundles
✔ Built @ciag/orchestra/blockui

------------------------------------------------------------------------------
Building entry point '@ciag/orchestra/buttongroup'
------------------------------------------------------------------------------
- Compiling with Angular sources in partial compilation mode.
✔ Compiling with Angular sources in partial compilation mode.
- Writing FESM and DTS bundles
✔ Writing FESM and DTS bundles
✔ Built @ciag/orchestra/buttongroup

------------------------------------------------------------------------------
Building entry point '@ciag/orchestra/cascadeselect'
------------------------------------------------------------------------------
- Compiling with Angular sources in partial compilation mode.
✔ Compiling with Angular sources in partial compilation mode.
- Writing FESM and DTS bundles
✔ Writing FESM and DTS bundles
✔ Built @ciag/orchestra/cascadeselect

------------------------------------------------------------------------------
Building entry point '@ciag/orchestra/colorpicker'
------------------------------------------------------------------------------
- Compiling with Angular sources in partial compilation mode.
✔ Compiling with Angular sources in partial compilation mode.
- Writing FESM and DTS bundles
✔ Writing FESM and DTS bundles
✔ Built @ciag/orchestra/colorpicker

------------------------------------------------------------------------------
Building entry point '@ciag/orchestra/confirmdialog'
------------------------------------------------------------------------------
- Compiling with Angular sources in partial compilation mode.
✔ Compiling with Angular sources in partial compilation mode.
- Writing FESM and DTS bundles
✔ Writing FESM and DTS bundles
✔ Built @ciag/orchestra/confirmdialog

------------------------------------------------------------------------------
Building entry point '@ciag/orchestra/confirmpopup'
------------------------------------------------------------------------------
- Compiling with Angular sources in partial compilation mode.
✔ Compiling with Angular sources in partial compilation mode.
- Writing FESM and DTS bundles
✔ Writing FESM and DTS bundles
✔ Built @ciag/orchestra/confirmpopup

------------------------------------------------------------------------------
Building entry point '@ciag/orchestra/dataview'
------------------------------------------------------------------------------
- Compiling with Angular sources in partial compilation mode.
✔ Compiling with Angular sources in partial compilation mode.
- Writing FESM and DTS bundles
✔ Writing FESM and DTS bundles
✔ Built @ciag/orchestra/dataview

------------------------------------------------------------------------------
Building entry point '@ciag/orchestra/contextmenu'
------------------------------------------------------------------------------
- Compiling with Angular sources in partial compilation mode.
✔ Compiling with Angular sources in partial compilation mode.
- Writing FESM and DTS bundles
✔ Writing FESM and DTS bundles
✔ Built @ciag/orchestra/contextmenu

------------------------------------------------------------------------------
Building entry point '@ciag/orchestra/dragdrop'
------------------------------------------------------------------------------
- Compiling with Angular sources in partial compilation mode.
✔ Compiling with Angular sources in partial compilation mode.
- Writing FESM and DTS bundles
✔ Writing FESM and DTS bundles
✔ Built @ciag/orchestra/dragdrop

------------------------------------------------------------------------------
Building entry point '@ciag/orchestra/dynamicdialog'
------------------------------------------------------------------------------
- Compiling with Angular sources in partial compilation mode.
✔ Compiling with Angular sources in partial compilation mode.
- Writing FESM and DTS bundles
✔ Writing FESM and DTS bundles
✔ Built @ciag/orchestra/dynamicdialog

------------------------------------------------------------------------------
Building entry point '@ciag/orchestra/fileupload'
------------------------------------------------------------------------------
- Compiling with Angular sources in partial compilation mode.
✔ Compiling with Angular sources in partial compilation mode.
- Writing FESM and DTS bundles
✔ Writing FESM and DTS bundles
✔ Built @ciag/orchestra/fileupload

------------------------------------------------------------------------------
Building entry point '@ciag/orchestra/floatlabel'
------------------------------------------------------------------------------
- Compiling with Angular sources in partial compilation mode.
✔ Compiling with Angular sources in partial compilation mode.
- Writing FESM and DTS bundles
✔ Writing FESM and DTS bundles
✔ Built @ciag/orchestra/floatlabel

------------------------------------------------------------------------------
Building entry point '@ciag/orchestra/focustrap'
------------------------------------------------------------------------------
- Compiling with Angular sources in partial compilation mode.
✔ Compiling with Angular sources in partial compilation mode.
- Writing FESM and DTS bundles
✔ Writing FESM and DTS bundles
✔ Built @ciag/orchestra/focustrap

------------------------------------------------------------------------------
Building entry point '@ciag/orchestra/iconfield'
------------------------------------------------------------------------------
- Compiling with Angular sources in partial compilation mode.
✔ Compiling with Angular sources in partial compilation mode.
- Writing FESM and DTS bundles
✔ Writing FESM and DTS bundles
✔ Built @ciag/orchestra/iconfield

------------------------------------------------------------------------------
Building entry point '@ciag/orchestra/icons'
------------------------------------------------------------------------------
- Compiling with Angular sources in partial compilation mode.
✔ Compiling with Angular sources in partial compilation mode.
- Writing FESM and DTS bundles
✔ Writing FESM and DTS bundles
✔ Built @ciag/orchestra/icons

------------------------------------------------------------------------------
Building entry point '@ciag/orchestra/imagecompare'
------------------------------------------------------------------------------
- Compiling with Angular sources in partial compilation mode.
✔ Compiling with Angular sources in partial compilation mode.
- Writing FESM and DTS bundles
✔ Writing FESM and DTS bundles
✔ Built @ciag/orchestra/imagecompare

------------------------------------------------------------------------------
Building entry point '@ciag/orchestra/iftalabel'
------------------------------------------------------------------------------
- Compiling with Angular sources in partial compilation mode.
✔ Compiling with Angular sources in partial compilation mode.
- Writing FESM and DTS bundles
✔ Writing FESM and DTS bundles
✔ Built @ciag/orchestra/iftalabel

------------------------------------------------------------------------------
Building entry point '@ciag/orchestra/inputgroup'
------------------------------------------------------------------------------
- Compiling with Angular sources in partial compilation mode.
✔ Compiling with Angular sources in partial compilation mode.
- Writing FESM and DTS bundles
✔ Writing FESM and DTS bundles
✔ Built @ciag/orchestra/inputgroup

------------------------------------------------------------------------------
Building entry point '@ciag/orchestra/inputgroupaddon'
------------------------------------------------------------------------------
- Compiling with Angular sources in partial compilation mode.
✔ Compiling with Angular sources in partial compilation mode.
- Writing FESM and DTS bundles
✔ Writing FESM and DTS bundles
✔ Built @ciag/orchestra/inputgroupaddon

------------------------------------------------------------------------------
Building entry point '@ciag/orchestra/inputicon'
------------------------------------------------------------------------------
- Compiling with Angular sources in partial compilation mode.
✔ Compiling with Angular sources in partial compilation mode.
- Writing FESM and DTS bundles
✔ Writing FESM and DTS bundles
✔ Built @ciag/orchestra/inputicon

------------------------------------------------------------------------------
Building entry point '@ciag/orchestra/inputmask'
------------------------------------------------------------------------------
- Compiling with Angular sources in partial compilation mode.
✔ Compiling with Angular sources in partial compilation mode.
- Writing FESM and DTS bundles
✔ Writing FESM and DTS bundles
✔ Built @ciag/orchestra/inputmask

------------------------------------------------------------------------------
Building entry point '@ciag/orchestra/inputswitch'
------------------------------------------------------------------------------
- Compiling with Angular sources in partial compilation mode.
✔ Compiling with Angular sources in partial compilation mode.
- Writing FESM and DTS bundles
✔ Writing FESM and DTS bundles
✔ Built @ciag/orchestra/inputswitch

------------------------------------------------------------------------------
Building entry point '@ciag/orchestra/inputotp'
------------------------------------------------------------------------------
- Compiling with Angular sources in partial compilation mode.
✔ Compiling with Angular sources in partial compilation mode.
- Writing FESM and DTS bundles
✔ Writing FESM and DTS bundles
✔ Built @ciag/orchestra/inputotp

------------------------------------------------------------------------------
Building entry point '@ciag/orchestra/inputnumber'
------------------------------------------------------------------------------
- Compiling with Angular sources in partial compilation mode.
✔ Compiling with Angular sources in partial compilation mode.
- Writing FESM and DTS bundles
✔ Writing FESM and DTS bundles
✔ Built @ciag/orchestra/inputnumber

------------------------------------------------------------------------------
Building entry point '@ciag/orchestra/inputtext'
------------------------------------------------------------------------------
- Compiling with Angular sources in partial compilation mode.
✔ Compiling with Angular sources in partial compilation mode.
- Writing FESM and DTS bundles
✔ Writing FESM and DTS bundles
✔ Built @ciag/orchestra/inputtext

------------------------------------------------------------------------------
Building entry point '@ciag/orchestra/inputtextarea'
------------------------------------------------------------------------------
- Compiling with Angular sources in partial compilation mode.
✔ Compiling with Angular sources in partial compilation mode.
- Writing FESM and DTS bundles
✔ Writing FESM and DTS bundles
✔ Built @ciag/orchestra/inputtextarea

------------------------------------------------------------------------------
Building entry point '@ciag/orchestra/keyfilter'
------------------------------------------------------------------------------
- Compiling with Angular sources in partial compilation mode.
✔ Compiling with Angular sources in partial compilation mode.
- Writing FESM and DTS bundles
✔ Writing FESM and DTS bundles
✔ Built @ciag/orchestra/keyfilter

------------------------------------------------------------------------------
Building entry point '@ciag/orchestra/megamenu'
------------------------------------------------------------------------------
- Compiling with Angular sources in partial compilation mode.
✔ Compiling with Angular sources in partial compilation mode.
- Writing FESM and DTS bundles
✔ Writing FESM and DTS bundles
✔ Built @ciag/orchestra/megamenu

------------------------------------------------------------------------------
Building entry point '@ciag/orchestra/metergroup'
------------------------------------------------------------------------------
- Compiling with Angular sources in partial compilation mode.
✔ Compiling with Angular sources in partial compilation mode.
- Writing FESM and DTS bundles
✔ Writing FESM and DTS bundles
✔ Built @ciag/orchestra/metergroup

------------------------------------------------------------------------------
Building entry point '@ciag/orchestra/multiselect'
------------------------------------------------------------------------------
- Compiling with Angular sources in partial compilation mode.
✔ Compiling with Angular sources in partial compilation mode.
- Writing FESM and DTS bundles
✔ Writing FESM and DTS bundles
✔ Built @ciag/orchestra/multiselect

------------------------------------------------------------------------------
Building entry point '@ciag/orchestra/messages'
------------------------------------------------------------------------------
- Compiling with Angular sources in partial compilation mode.
✔ Compiling with Angular sources in partial compilation mode.
- Writing FESM and DTS bundles
✔ Writing FESM and DTS bundles
✔ Built @ciag/orchestra/messages

------------------------------------------------------------------------------
Building entry point '@ciag/orchestra/organizationchart'
------------------------------------------------------------------------------
- Compiling with Angular sources in partial compilation mode.
✔ Compiling with Angular sources in partial compilation mode.
- Writing FESM and DTS bundles
✔ Writing FESM and DTS bundles
✔ Built @ciag/orchestra/organizationchart

------------------------------------------------------------------------------
Building entry point '@ciag/orchestra/orderlist'
------------------------------------------------------------------------------
- Compiling with Angular sources in partial compilation mode.
✔ Compiling with Angular sources in partial compilation mode.
- Writing FESM and DTS bundles
✔ Writing FESM and DTS bundles
✔ Built @ciag/orchestra/orderlist

------------------------------------------------------------------------------
Building entry point '@ciag/orchestra/overlay'
------------------------------------------------------------------------------
- Compiling with Angular sources in partial compilation mode.
✔ Compiling with Angular sources in partial compilation mode.
- Writing FESM and DTS bundles
✔ Writing FESM and DTS bundles
✔ Built @ciag/orchestra/overlay

------------------------------------------------------------------------------
Building entry point '@ciag/orchestra/overlaypanel'
------------------------------------------------------------------------------
- Compiling with Angular sources in partial compilation mode.
✔ Compiling with Angular sources in partial compilation mode.
- Writing FESM and DTS bundles
✔ Writing FESM and DTS bundles
✔ Built @ciag/orchestra/overlaypanel

------------------------------------------------------------------------------
Building entry point '@ciag/orchestra/overlaybadge'
------------------------------------------------------------------------------
- Compiling with Angular sources in partial compilation mode.
✔ Compiling with Angular sources in partial compilation mode.
- Writing FESM and DTS bundles
✔ Writing FESM and DTS bundles
✔ Built @ciag/orchestra/overlaybadge

------------------------------------------------------------------------------
Building entry point '@ciag/orchestra/panelmenu'
------------------------------------------------------------------------------
- Compiling with Angular sources in partial compilation mode.
✔ Compiling with Angular sources in partial compilation mode.
- Writing FESM and DTS bundles
✔ Writing FESM and DTS bundles
✔ Built @ciag/orchestra/panelmenu

------------------------------------------------------------------------------
Building entry point '@ciag/orchestra/picklist'
------------------------------------------------------------------------------
- Compiling with Angular sources in partial compilation mode.
✔ Compiling with Angular sources in partial compilation mode.
- Writing FESM and DTS bundles
✔ Writing FESM and DTS bundles
✔ Built @ciag/orchestra/picklist

------------------------------------------------------------------------------
Building entry point '@ciag/orchestra/progressspinner'
------------------------------------------------------------------------------
- Compiling with Angular sources in partial compilation mode.
✔ Compiling with Angular sources in partial compilation mode.
- Writing FESM and DTS bundles
✔ Writing FESM and DTS bundles
✔ Built @ciag/orchestra/progressspinner

------------------------------------------------------------------------------
Building entry point '@ciag/orchestra/progressbar'
------------------------------------------------------------------------------
- Compiling with Angular sources in partial compilation mode.
✔ Compiling with Angular sources in partial compilation mode.
- Writing FESM and DTS bundles
✔ Writing FESM and DTS bundles
✔ Built @ciag/orchestra/progressbar

------------------------------------------------------------------------------
Building entry point '@ciag/orchestra/radiobutton'
------------------------------------------------------------------------------
- Compiling with Angular sources in partial compilation mode.
✔ Compiling with Angular sources in partial compilation mode.
- Writing FESM and DTS bundles
✔ Writing FESM and DTS bundles
✔ Built @ciag/orchestra/radiobutton

------------------------------------------------------------------------------
Building entry point '@ciag/orchestra/scrolltop'
------------------------------------------------------------------------------
- Compiling with Angular sources in partial compilation mode.
✔ Compiling with Angular sources in partial compilation mode.
- Writing FESM and DTS bundles
✔ Writing FESM and DTS bundles
✔ Built @ciag/orchestra/scrolltop

------------------------------------------------------------------------------
Building entry point '@ciag/orchestra/scrollpanel'
------------------------------------------------------------------------------
- Compiling with Angular sources in partial compilation mode.
✔ Compiling with Angular sources in partial compilation mode.
- Writing FESM and DTS bundles
✔ Writing FESM and DTS bundles
✔ Built @ciag/orchestra/scrollpanel

------------------------------------------------------------------------------
Building entry point '@ciag/orchestra/selectbutton'
------------------------------------------------------------------------------
- Compiling with Angular sources in partial compilation mode.
✔ Compiling with Angular sources in partial compilation mode.
- Writing FESM and DTS bundles
✔ Writing FESM and DTS bundles
✔ Built @ciag/orchestra/selectbutton

------------------------------------------------------------------------------
Building entry point '@ciag/orchestra/speeddial'
------------------------------------------------------------------------------
- Compiling with Angular sources in partial compilation mode.
✔ Compiling with Angular sources in partial compilation mode.
- Writing FESM and DTS bundles
✔ Writing FESM and DTS bundles
✔ Built @ciag/orchestra/speeddial

------------------------------------------------------------------------------
Building entry point '@ciag/orchestra/splitbutton'
------------------------------------------------------------------------------
- Compiling with Angular sources in partial compilation mode.
✔ Compiling with Angular sources in partial compilation mode.
- Writing FESM and DTS bundles
✔ Writing FESM and DTS bundles
✔ Built @ciag/orchestra/splitbutton

------------------------------------------------------------------------------
Building entry point '@ciag/orchestra/styleclass'
------------------------------------------------------------------------------
- Compiling with Angular sources in partial compilation mode.
✔ Compiling with Angular sources in partial compilation mode.
- Writing FESM and DTS bundles
✔ Writing FESM and DTS bundles
✔ Built @ciag/orchestra/styleclass

------------------------------------------------------------------------------
Building entry point '@ciag/orchestra/tabmenu'
------------------------------------------------------------------------------
- Compiling with Angular sources in partial compilation mode.
✔ Compiling with Angular sources in partial compilation mode.
- Writing FESM and DTS bundles
✔ Writing FESM and DTS bundles
✔ Built @ciag/orchestra/tabmenu

------------------------------------------------------------------------------
Building entry point '@ciag/orchestra/tabview'
------------------------------------------------------------------------------
- Compiling with Angular sources in partial compilation mode.
✔ Compiling with Angular sources in partial compilation mode.
- Writing FESM and DTS bundles
✔ Writing FESM and DTS bundles
✔ Built @ciag/orchestra/tabview

------------------------------------------------------------------------------
Building entry point '@ciag/orchestra/tieredmenu'
------------------------------------------------------------------------------
- Compiling with Angular sources in partial compilation mode.
✔ Compiling with Angular sources in partial compilation mode.
- Writing FESM and DTS bundles
✔ Writing FESM and DTS bundles
✔ Built @ciag/orchestra/tieredmenu

------------------------------------------------------------------------------
Building entry point '@ciag/orchestra/togglebutton'
------------------------------------------------------------------------------
- Compiling with Angular sources in partial compilation mode.
✔ Compiling with Angular sources in partial compilation mode.
- Writing FESM and DTS bundles
✔ Writing FESM and DTS bundles
✔ Built @ciag/orchestra/togglebutton

------------------------------------------------------------------------------
Building entry point '@ciag/orchestra/toggleswitch'
------------------------------------------------------------------------------
- Compiling with Angular sources in partial compilation mode.
✔ Compiling with Angular sources in partial compilation mode.
- Writing FESM and DTS bundles
✔ Writing FESM and DTS bundles
✔ Built @ciag/orchestra/toggleswitch

------------------------------------------------------------------------------
Building entry point '@ciag/orchestra/treeselect'
------------------------------------------------------------------------------
- Compiling with Angular sources in partial compilation mode.
✔ Compiling with Angular sources in partial compilation mode.
- Writing FESM and DTS bundles
✔ Writing FESM and DTS bundles
✔ Built @ciag/orchestra/treeselect

------------------------------------------------------------------------------
Building entry point '@ciag/orchestra/treetable'
------------------------------------------------------------------------------
- Compiling with Angular sources in partial compilation mode.
✔ Compiling with Angular sources in partial compilation mode.
- Writing FESM and DTS bundles
✔ Writing FESM and DTS bundles
✔ Built @ciag/orchestra/treetable

------------------------------------------------------------------------------
Building entry point '@ciag/orchestra/usestyle'
------------------------------------------------------------------------------
- Compiling with Angular sources in partial compilation mode.
✔ Compiling with Angular sources in partial compilation mode.
- Writing FESM and DTS bundles
✔ Writing FESM and DTS bundles
✔ Built @ciag/orchestra/usestyle

------------------------------------------------------------------------------
Built Angular Package
- from: /Users/matheuscastro/Workspaces/orc_ds/projects/orc-ds
- to:   /Users/matheuscastro/Workspaces/orc_ds/dist/orc-ds
------------------------------------------------------------------------------

Build at: 2026-09-24T04:47:26.180Z - Time: 16151ms

❯ Building...
✔ Building...
Initial chunk files   | Names                          |  Raw size | Estimated transfer size
main-YLLOQVK6.js      | main                           | 403.10 kB |               119.41 kB
polyfills-RV3JTMEC.js | polyfills                      |  35.78 kB |                11.63 kB
styles-6ZWX5USP.css   | styles                         |  12.87 kB |                 1.83 kB

                      | Initial total                  | 451.75 kB |               132.87 kB

Lazy chunk files      | Names                          |  Raw size | Estimated transfer size
chunk-BV-4vK_d.js     | icon-catalog-preview-component |   1.84 MB |               315.03 kB
chunk-DVf6xA14.js     | -                              | 479.87 kB |                56.13 kB
chunk-BKlX-Cqd.js     | component-doc-page-component   | 402.46 kB |                81.94 kB
chunk-DvVsVSeu.js     | table-page-component           |  70.06 kB |                16.38 kB
chunk-Bmtp40EV.js     | progress-page-component        |  62.57 kB |                12.10 kB
chunk-B1jIvQKO.js     | menu-family-preview-component  |  60.97 kB |                 9.72 kB
chunk-HJpnDzVX2.js    | docs-component                 |  60.76 kB |                11.66 kB
chunk-CtnEeJqd.js     | select-page-component          |  54.37 kB |                12.45 kB
chunk-BJAyRKLW.js     | -                              |  53.34 kB |                13.87 kB
chunk-CM_0UCq_2.js    | slider-page-component          |  51.61 kB |                11.76 kB
chunk-CN6E4dUU.js     | toast-page-component           |  51.31 kB |                11.01 kB
chunk-Beq0vvS7.js     | -                              |  47.43 kB |                10.12 kB
chunk-H-q9ydj_.js     | -                              |  46.07 kB |                11.16 kB
chunk-Bjl7MY0g.js     | tabs-page-component            |  44.47 kB |                 9.76 kB
chunk-CGB-Ycwb.js     | input-page-component           |  41.23 kB |                 9.19 kB
...and 39 more lazy chunks files. Use "--verbose" to show all the files.

Application bundle generation complete. [5.549 seconds] - 2026-09-24T04:47:32.201Z

Output location: /Users/matheuscastro/Workspaces/orc_ds/dist/docs

❯ Building...
✔ Building...
Initial chunk files   | Names                    |  Raw size | Estimated transfer size
main-2PLRHJS3.js      | main                     | 341.22 kB |                90.35 kB
polyfills-RV3JTMEC.js | polyfills                |  35.78 kB |                11.63 kB
styles-S7IDUJED.css   | styles                   |  13.80 kB |                 2.08 kB

                      | Initial total            | 390.81 kB |               104.06 kB

Lazy chunk files      | Names                    |  Raw size | Estimated transfer size
chunk-CNEEnKtK.js     | crud-page-component      | 140.36 kB |                28.37 kB
chunk-B4vucnpx.js     | -                        |  93.73 kB |                22.76 kB
chunk-BJj_S8Vv.js     | settings-page-component  |  93.40 kB |                19.25 kB
chunk-CtCcwuvE.js     | -                        |  67.19 kB |                15.79 kB
chunk-BFrefpod.js     | dashboard-page-component |  47.65 kB |                10.99 kB
chunk-BZRqluRm.js     | -                        |  32.07 kB |                 7.68 kB
chunk-MUBtadLH.js     | -                        |  30.53 kB |                 5.55 kB
chunk-Cr0wJgmH.js     | main-layout-component    |  29.01 kB |                 6.05 kB
chunk-BIuGDs77.js     | login-page-component     |  20.97 kB |                 5.05 kB
chunk-DF4m7ARj.js     | -                        |  17.31 kB |                 3.87 kB
chunk-Da0q-Sg0.js     | -                        |  12.89 kB |                 2.97 kB
chunk-Cl4exoDu.js     | -                        |  12.80 kB |                 2.93 kB
chunk-CkXWD8Fx.js     | -                        |  12.02 kB |                 3.17 kB

Application bundle generation complete. [1.965 seconds] - 2026-09-24T04:47:34.548Z

Output location: /Users/matheuscastro/Workspaces/orc_ds/dist/template

