
> orc-ds-workspace@0.0.0 test:lib
> ng test orc-ds --watch=false --browsers=ChromeHeadless

❯ Building...
✔ Building...
Initial chunk files                                       | Names                                                  |  Raw size
chunk-MO4KXT4P.js                                         | -                                                      |   1.47 MB | 
chunk-PVCLZWIC.js                                         | -                                                      |   1.18 MB | 
chunk-UG5CHVT5.js                                         | -                                                      |   1.13 MB | 
polyfills.js                                              | polyfills                                              |   1.06 MB | 
chunk-QTLWS44H.js                                         | -                                                      | 239.89 kB | 
chunk-4BAFYKZE.js                                         | -                                                      | 194.76 kB | 
chunk-BE6JYKKG.js                                         | -                                                      | 193.73 kB | 
chunk-MS34CX7Y.js                                         | -                                                      | 184.47 kB | 
chunk-LV7TONNB.js                                         | -                                                      | 112.60 kB | 
chunk-WS7DRPUL.js                                         | -                                                      | 112.51 kB | 
spec-p2-expansion.spec.js                                 | spec-p2-expansion.spec                                 | 100.70 kB | 
chunk-W22G7XE7.js                                         | -                                                      |  81.91 kB | 
chunk-KEC2CSVO.js                                         | -                                                      |  73.52 kB | 
jasmine-cleanup-1.js                                      | jasmine-cleanup-1                                      |  71.38 kB | 
chunk-LRRFU5IS.js                                         | -                                                      |  70.84 kB | 
chunk-6ZZ4O4BP.js                                         | -                                                      |  69.44 kB | 
chunk-VLXXCAOV.js                                         | -                                                      |  64.78 kB | 
chunk-5H2BZTLJ.js                                         | -                                                      |  62.40 kB | 
chunk-HCPJM5Z6.js                                         | -                                                      |  60.08 kB | 
chunk-GUU36RTL.js                                         | -                                                      |  55.86 kB | 
chunk-XT6FIRLC.js                                         | -                                                      |  55.25 kB | 
spec-p2-p2-advanced-contract.spec.js                      | spec-p2-p2-advanced-contract.spec                      |  52.89 kB | 
chunk-S2MKUO3Z.js                                         | -                                                      |  52.19 kB | 
chunk-ZVXYPPLG.js                                         | -                                                      |  49.58 kB | 
spec-table-table-behavior.spec.js                         | spec-table-table-behavior.spec                         |  47.57 kB | 
chunk-LVLF2IBU.js                                         | -                                                      |  46.89 kB | 
chunk-2QLGU63N.js                                         | -                                                      |  43.38 kB | 
chunk-P54O5VTQ.js                                         | -                                                      |  41.79 kB | 
chunk-R7LXTLHH.js                                         | -                                                      |  38.32 kB | 
chunk-BLVZ6KA2.js                                         | -                                                      |  38.23 kB | 
chunk-COURXD2D.js                                         | -                                                      |  37.89 kB | 
chunk-AWXSDCVL.js                                         | -                                                      |  36.65 kB | 
spec-public-binding-behavior.spec.js                      | spec-public-binding-behavior.spec                      |  36.51 kB | 
chunk-DGBB6SAQ.js                                         | -                                                      |  35.90 kB | 
spec-file-uploader-file-uploader-behavior.spec.js         | spec-file-uploader-file-uploader-behavior.spec         |  34.92 kB | 
chunk-GOIK6VGB.js                                         | -                                                      |  33.68 kB | 
chunk-FQCEWYD2.js                                         | -                                                      |  33.12 kB | 
spec-autocomplete-autocomplete.component.spec.js          | spec-autocomplete-autocomplete.component.spec          |  32.86 kB | 
spec-p2-tree-select-presentation-contract.spec.js         | spec-p2-tree-select-presentation-contract.spec         |  32.31 kB | 
chunk-6HCEML47.js                                         | -                                                      |  30.99 kB | 
spec-all-components-lifecycle.spec.js                     | spec-all-components-lifecycle.spec                     |  30.03 kB | 
chunk-LSNRLSBU.js                                         | -                                                      |  30.01 kB | 
spec-tree-component-contract.spec.js                      | spec-tree-component-contract.spec                      |  29.15 kB | 
chunk-PGHDV6F7.js                                         | -                                                      |  28.61 kB | 
spec-image-image-behavior.spec.js                         | spec-image-image-behavior.spec                         |  27.25 kB | 
spec-paginator-paginator-behavior.spec.js                 | spec-paginator-paginator-behavior.spec                 |  26.89 kB | 
spec-date-picker-date-picker.component.spec.js            | spec-date-picker-date-picker.component.spec            |  25.97 kB | 
spec-p2-date-input-contract.spec.js                       | spec-p2-date-input-contract.spec                       |  25.66 kB | 
chunk-I7DBPMX2.js                                         | -                                                      |  25.14 kB | 
spec-select-select-repair.spec.js                         | spec-select-select-repair.spec                         |  25.06 kB | 
chunk-CX53DH4V.js                                         | -                                                      |  24.55 kB | 
spec-galleria-contract.spec.js                            | spec-galleria-contract.spec                            |  24.34 kB | 
chunk-IYSGUFNU.js                                         | -                                                      |  24.33 kB | 
spec-data-view-pagination-contract.spec.js                | spec-data-view-pagination-contract.spec                |  24.24 kB | 
chunk-RTWSQGJX.js                                         | -                                                      |  23.94 kB | 
chunk-O3OU2ZUF.js                                         | -                                                      |  23.36 kB | 
chunk-MV6HIDDE.js                                         | -                                                      |  23.34 kB | 
spec-p2-data-table-behavior.spec.js                       | spec-p2-data-table-behavior.spec                       |  22.46 kB | 
test_main.js                                              | test_main                                              |  22.25 kB | 
spec-input-input.component.spec.js                        | spec-input-input.component.spec                        |  21.95 kB | 
chunk-RCUL7QWP.js                                         | -                                                      |  21.74 kB | 
spec-select-select-input-contract.spec.js                 | spec-select-select-input-contract.spec                 |  21.28 kB | 
chunk-SLCVAVJO.js                                         | -                                                      |  21.22 kB | 
chunk-7M7SCZA6.js                                         | -                                                      |  21.02 kB | 
chunk-HQN6IND2.js                                         | -                                                      |  20.95 kB | 
spec-tabs-tab-group.component.spec.js                     | spec-tabs-tab-group.component.spec                     |  20.61 kB | 
spec-dropdown-dropdown-behavior.spec.js                   | spec-dropdown-dropdown-behavior.spec                   |  20.56 kB | 
chunk-XFNYW4QA.js                                         | -                                                      |  20.51 kB | 
chunk-C2EFRHJH.js                                         | -                                                      |  20.50 kB | 
chunk-7WV3E4ZN.js                                         | -                                                      |  20.47 kB | 
chunk-VBDPDCBY.js                                         | -                                                      |  20.30 kB | 
spec-navigation-toolbar-contract.spec.js                  | spec-navigation-toolbar-contract.spec                  |  20.19 kB | 
spec-tree-table-contract.spec.js                          | spec-tree-table-contract.spec                          |  19.98 kB | 
spec-form-shell-contract.spec.js                          | spec-form-shell-contract.spec                          |  19.82 kB | 
chunk-TIWSC6I2.js                                         | -                                                      |  19.75 kB | 
chunk-DPIXOZ7Z.js                                         | -                                                      |  19.46 kB | 
spec-modal-modal.component.spec.js                        | spec-modal-modal.component.spec                        |  19.42 kB | 
chunk-NXQM5BNH.js                                         | -                                                      |  19.37 kB | 
spec-overlay-target-contract.spec.js                      | spec-overlay-target-contract.spec                      |  19.24 kB | 
spec-progress-progress-bar-behavior.spec.js               | spec-progress-progress-bar-behavior.spec               |  19.17 kB | 
chunk-WDGYCELK.js                                         | -                                                      |  19.06 kB | 
spec-tree-select-contract.spec.js                         | spec-tree-select-contract.spec                         |  18.88 kB | 
chunk-B3VK3JLX.js                                         | -                                                      |  18.87 kB | 
chunk-HGM4TRFD.js                                         | -                                                      |  18.68 kB | 
spec-multi-select-contract.spec.js                        | spec-multi-select-contract.spec                        |  18.49 kB | 
spec-date-picker-date-picker-overlay.spec.js              | spec-date-picker-date-picker-overlay.spec              |  18.43 kB | 
chunk-W3EX6EMW.js                                         | -                                                      |  18.33 kB | 
spec-p2-menu-contract.spec.js                             | spec-p2-menu-contract.spec                             |  18.19 kB | 
chunk-AI2TEE5F.js                                         | -                                                      |  17.32 kB | 
chunk-KBH4VLL6.js                                         | -                                                      |  16.59 kB | 
chunk-YWLKVHI4.js                                         | -                                                      |  16.05 kB | 
chunk-4IHKXE7X.js                                         | -                                                      |  15.88 kB | 
spec-radio-radio-contract.spec.js                         | spec-radio-radio-contract.spec                         |  15.82 kB | 
spec-chart-contract.spec.js                               | spec-chart-contract.spec                               |  15.73 kB | 
chunk-2V6CZU4F.js                                         | -                                                      |  15.67 kB | 
spec-modal-modal.service.spec.js                          | spec-modal-modal.service.spec                          |  15.51 kB | 
chunk-CEHZKIXW.js                                         | -                                                      |  15.18 kB | 
spec-p2-block-ui.spec.js                                  | spec-p2-block-ui.spec                                  |  15.00 kB | 
chunk-O5SWMBC4.js                                         | -                                                      |  14.93 kB | 
spec-p2-inplace-behavior.spec.js                          | spec-p2-inplace-behavior.spec                          |  14.74 kB | 
spec-p2-repair.spec.js                                    | spec-p2-repair.spec                                    |  14.67 kB | 
chunk-6MZDATBC.js                                         | -                                                      |  14.64 kB | 
chunk-P52FQ2FH.js                                         | -                                                      |  14.54 kB | 
spec-p2-primeng-gap-controls-contract.spec.js             | spec-p2-primeng-gap-controls-contract.spec             |  14.39 kB | 
spec-p2-listbox-behavior.spec.js                          | spec-p2-listbox-behavior.spec                          |  14.01 kB | 
chunk-MXFANXCN.js                                         | -                                                      |  13.61 kB | 
spec-number-input-number-input.component.spec.js          | spec-number-input-number-input.component.spec          |  13.24 kB | 
spec-scroll-area-scroll-area.component.spec.js            | spec-scroll-area-scroll-area.component.spec            |  13.13 kB | 
spec-editor-selection-contract.spec.js                    | spec-editor-selection-contract.spec                    |  13.11 kB | 
spec-tree-view-tree-view.component.spec.js                | spec-tree-view-tree-view.component.spec                |  12.95 kB | 
spec-date-picker-date-picker-behavior.spec.js             | spec-date-picker-date-picker-behavior.spec             |  12.61 kB | 
spec-speed-dial-contract.spec.js                          | spec-speed-dial-contract.spec                          |  12.50 kB | 
chunk-RC7KPXYQ.js                                         | -                                                      |  12.40 kB | 
chunk-DH44MACD.js                                         | -                                                      |  12.24 kB | 
spec-order-list-contract.spec.js                          | spec-order-list-contract.spec                          |  12.22 kB | 
spec-input-mask-contract.spec.js                          | spec-input-mask-contract.spec                          |  12.21 kB | 
spec-pick-list-behavior.spec.js                           | spec-pick-list-behavior.spec                           |  12.19 kB | 
spec-tags-input-contract.spec.js                          | spec-tags-input-contract.spec                          |  12.08 kB | 
spec-stepper-stepper.component.spec.js                    | spec-stepper-stepper.component.spec                    |  11.91 kB | 
spec-carousel-carousel.component.spec.js                  | spec-carousel-carousel.component.spec                  |  11.82 kB | 
chunk-7NA4R62Z.js                                         | -                                                      |  11.80 kB | 
spec-otp-input-otp-input-contract.spec.js                 | spec-otp-input-otp-input-contract.spec                 |  11.70 kB | 
chunk-5GV4EZJE.js                                         | -                                                      |  11.70 kB | 
spec-popover-popover-behavior.spec.js                     | spec-popover-popover-behavior.spec                     |  11.36 kB | 
spec-utility-directives-contract.spec.js                  | spec-utility-directives-contract.spec                  |  11.31 kB | 
spec-scrolltop-scroll-top.component.spec.js               | spec-scrolltop-scroll-top.component.spec               |  11.12 kB | 
chunk-PGZHNLYD.js                                         | -                                                      |  10.63 kB | 
spec-modal-modal-popup-integration.spec.js                | spec-modal-modal-popup-integration.spec                |  10.54 kB | 
spec-mega-hover-contract.spec.js                          | spec-mega-hover-contract.spec                          |  10.52 kB | 
chunk-ZKVHFYL7.js                                         | -                                                      |  10.20 kB | 
spec-collapsible-collapsible.component.spec.js            | spec-collapsible-collapsible.component.spec            |  10.15 kB | 
chunk-3FUO6WOO.js                                         | -                                                      |   9.91 kB | 
chunk-ACXMQVNS.js                                         | -                                                      |   9.87 kB | 
spec-p2-primeng-gap-layout-contract.spec.js               | spec-p2-primeng-gap-layout-contract.spec               |   9.80 kB | 
spec-code-overlay-contract.spec.js                        | spec-code-overlay-contract.spec                        |   9.73 kB | 
spec-styles-spacing-contract.spec.js                      | spec-styles-spacing-contract.spec                      |   9.62 kB | 
spec-p2-tree-table-data-contract.spec.js                  | spec-p2-tree-table-data-contract.spec                  |   9.55 kB | 
spec-p2-layout-primitives-contract.spec.js                | spec-p2-layout-primitives-contract.spec                |   9.54 kB | 
spec-splitter-contract.spec.js                            | spec-splitter-contract.spec                            |   9.52 kB | 
spec-select-toggle-contract.spec.js                       | spec-select-toggle-contract.spec                       |   9.50 kB | 
spec-tags-input-behavior.spec.js                          | spec-tags-input-behavior.spec                          |   9.48 kB | 
chunk-R4OTQCLA.js                                         | -                                                      |   9.33 kB | 
spec-tab-menu-tab-menu.component.spec.js                  | spec-tab-menu-tab-menu.component.spec                  |   9.33 kB | 
chunk-XZSCCKGS.js                                         | -                                                      |   9.15 kB | 
spec-controls-repair.spec.js                              | spec-controls-repair.spec                              |   8.96 kB | 
spec-command-dock-contract.spec.js                        | spec-command-dock-contract.spec                        |   8.91 kB | 
spec-confirm-popup-behavior.spec.js                       | spec-confirm-popup-behavior.spec                       |   8.88 kB | 
spec-confirm-dialog-contract.spec.js                      | spec-confirm-dialog-contract.spec                      |   8.75 kB | 
spec-p2-combobox-behavior.spec.js                         | spec-p2-combobox-behavior.spec                         |   8.74 kB | 
chunk-YJQUJ7CK.js                                         | -                                                      |   8.68 kB | 
spec-slider-slider.component.spec.js                      | spec-slider-slider.component.spec                      |   8.67 kB | 
chunk-M52I2H6V.js                                         | -                                                      |   8.59 kB | 
spec-chip-input-chip-input-contract.spec.js               | spec-chip-input-chip-input-contract.spec               |   8.38 kB | 
chunk-3OM2B56S.js                                         | -                                                      |   8.34 kB | 
spec-card-card.component.spec.js                          | spec-card-card.component.spec                          |   8.31 kB | 
chunk-JCSHSB53.js                                         | -                                                      |   8.23 kB | 
chunk-6JFRSJT7.js                                         | -                                                      |   8.23 kB | 
spec-p2-terminal-behavior.spec.js                         | spec-p2-terminal-behavior.spec                         |   8.20 kB | 
chunk-QQSY3IQK.js                                         | -                                                      |   8.17 kB | 
spec-styles-theme-contract.spec.js                        | spec-styles-theme-contract.spec                        |   7.94 kB | 
spec-internal-modal-isolation.spec.js                     | spec-internal-modal-isolation.spec                     |   7.94 kB | 
chunk-ZI2NN3QM.js                                         | -                                                      |   7.72 kB | 
spec-p2-meter-group-contract.spec.js                      | spec-p2-meter-group-contract.spec                      |   7.57 kB | 
spec-button-button-input-contract.spec.js                 | spec-button-button-input-contract.spec                 |   7.50 kB | 
chunk-FFPZRXQ5.js                                         | -                                                      |   7.38 kB | 
spec-overlay-panel-overlay-panel-behavior.spec.js         | spec-overlay-panel-overlay-panel-behavior.spec         |   7.22 kB | 
spec-breadcrumb-breadcrumb.component.spec.js              | spec-breadcrumb-breadcrumb.component.spec              |   7.22 kB | 
spec-drawer-drawer-modal-isolation.spec.js                | spec-drawer-drawer-modal-isolation.spec                |   7.22 kB | 
chunk-WJQ2EXWR.js                                         | -                                                      |   7.13 kB | 
spec-defer-defer.directive.spec.js                        | spec-defer-defer.directive.spec                        |   7.11 kB | 
spec-p1-core.spec.js                                      | spec-p1-core.spec                                      |   7.06 kB | 
spec-checkbox-checkbox.component.spec.js                  | spec-checkbox-checkbox.component.spec                  |   6.98 kB | 
chunk-DUYENP6T.js                                         | -                                                      |   6.92 kB | 
chunk-HPPIE76E.js                                         | -                                                      |   6.84 kB | 
chunk-QAPHZOWW.js                                         | -                                                      |   6.74 kB | 
spec-p2-messages-behavior.spec.js                         | spec-p2-messages-behavior.spec                         |   6.54 kB | 
spec-input-repair.spec.js                                 | spec-input-repair.spec                                 |   6.51 kB | 
spec-drag-drop-drag-drop.directive.spec.js                | spec-drag-drop-drag-drop.directive.spec                |   6.48 kB | 
chunk-ETAPINI7.js                                         | -                                                      |   6.45 kB | 
spec-modal-modal-lifecycle.spec.js                        | spec-modal-modal-lifecycle.spec                        |   6.35 kB | 
spec-tooltip-tooltip-behavior.spec.js                     | spec-tooltip-tooltip-behavior.spec                     |   6.29 kB | 
spec-focus-trap-focus-trap.directive.spec.js              | spec-focus-trap-focus-trap.directive.spec              |   6.26 kB | 
spec-organization-chart-contract.spec.js                  | spec-organization-chart-contract.spec                  |   6.25 kB | 
chunk-VS46SDSI.js                                         | -                                                      |   6.05 kB | 
spec-accordion-accordion-behavior.spec.js                 | spec-accordion-accordion-behavior.spec                 |   6.01 kB | 
spec-toast-toast-service-behavior.spec.js                 | spec-toast-toast-service-behavior.spec                 |   5.95 kB | 
chunk-WLPKZXAO.js                                         | -                                                      |   5.95 kB | 
spec-p2-input-gap-controls-contract.spec.js               | spec-p2-input-gap-controls-contract.spec               |   5.94 kB | 
chunk-TR3BFFK2.js                                         | -                                                      |   5.92 kB | 
spec-select-button-behavior.spec.js                       | spec-select-button-behavior.spec                       |   5.87 kB | 
spec-list-list-behavior.spec.js                           | spec-list-list-behavior.spec                           |   5.86 kB | 
spec-button-icon-button.component.spec.js                 | spec-button-icon-button.component.spec                 |   5.69 kB | 
spec-interaction-repair.spec.js                           | spec-interaction-repair.spec                           |   5.57 kB | 
spec-p2-password-behavior.spec.js                         | spec-p2-password-behavior.spec                         |   5.55 kB | 
chunk-WW353F42.js                                         | -                                                      |   5.49 kB | 
chunk-G3NJPVVB.js                                         | -                                                      |   5.44 kB | 
spec-segmented-control-segmented-control-behavior.spec.js | spec-segmented-control-segmented-control-behavior.spec |   5.42 kB | 
spec-p2-overlay-action-buttons-contract.spec.js           | spec-p2-overlay-action-buttons-contract.spec           |   5.34 kB | 
spec-owner-document-hostlisteners.spec.js                 | spec-owner-document-hostlisteners.spec                 |   5.30 kB | 
spec-p2-layout-contract.spec.js                           | spec-p2-layout-contract.spec                           |   5.30 kB | 
spec-virtual-scroller-contract.spec.js                    | spec-virtual-scroller-contract.spec                    |   4.99 kB | 
spec-button-button-behavior.spec.js                       | spec-button-button-behavior.spec                       |   4.90 kB | 
chunk-WYC6HVHW.js                                         | -                                                      |   4.85 kB | 
spec-p2-input-color-contract.spec.js                      | spec-p2-input-color-contract.spec                      |   4.76 kB | 
spec-button-button.component.spec.js                      | spec-button-button.component.spec                      |   4.70 kB | 
spec-knob-contract.spec.js                                | spec-knob-contract.spec                                |   4.58 kB | 
chunk-EXWVQQNI.js                                         | -                                                      |   4.46 kB | 
chunk-XDW4HNJQ.js                                         | -                                                      |   4.23 kB | 
spec-chip-contract.spec.js                                | spec-chip-contract.spec                                |   4.16 kB | 
spec-color-picker-color-picker-behavior.spec.js           | spec-color-picker-color-picker-behavior.spec           |   4.12 kB | 
spec-rating-rating-behavior.spec.js                       | spec-rating-rating-behavior.spec                       |   4.09 kB | 
chunk-AW6EYE6N.js                                         | -                                                      |   3.97 kB | 
chunk-GBPAPZS7.js                                         | -                                                      |   3.92 kB | 
spec-tag-tag-behavior.spec.js                             | spec-tag-tag-behavior.spec                             |   3.79 kB | 
spec-avatar-avatar-group-contract.spec.js                 | spec-avatar-avatar-group-contract.spec                 |   3.70 kB | 
spec-empty-state-empty-state.component.spec.js            | spec-empty-state-empty-state.component.spec            |   3.70 kB | 
spec-internal-overlay-ownership.spec.js                   | spec-internal-overlay-ownership.spec                   |   3.60 kB | 
spec-p2-p2-dom-realm-contract.spec.js                     | spec-p2-p2-dom-realm-contract.spec                     |   3.54 kB | 
chunk-YR24LBJ4.js                                         | -                                                      |   3.50 kB | 
spec-drawer-drawer-behavior.spec.js                       | spec-drawer-drawer-behavior.spec                       |   3.49 kB | 
spec-divider-divider.component.spec.js                    | spec-divider-divider.component.spec                    |   3.43 kB | 
spec-alert-alert-behavior.spec.js                         | spec-alert-alert-behavior.spec                         |   3.39 kB | 
spec-toast-toast-behavior.spec.js                         | spec-toast-toast-behavior.spec                         |   3.38 kB | 
spec-typography-contract.spec.js                          | spec-typography-contract.spec                          |   3.30 kB | 
spec-confirmation-concurrency.spec.js                     | spec-confirmation-concurrency.spec                     |   3.29 kB | 
spec-image-compare-contract.spec.js                       | spec-image-compare-contract.spec                       |   3.02 kB | 
spec-badge-badge-behavior.spec.js                         | spec-badge-badge-behavior.spec                         |   2.87 kB | 
spec-avatar-avatar-behavior.spec.js                       | spec-avatar-avatar-behavior.spec                       |   2.84 kB | 
spec-input-textarea.component.spec.js                     | spec-input-textarea.component.spec                     |   2.80 kB | 
spec-p0-foundations.spec.js                               | spec-p0-foundations.spec                               |   2.78 kB | 
chunk-EU7WLR6D.js                                         | -                                                      |   2.58 kB | 
spec-modal-modal-keyboard-listener.spec.js                | spec-modal-modal-keyboard-listener.spec                |   2.52 kB | 
chunk-222IMYY7.js                                         | -                                                      |   2.48 kB | 
spec-icon-icon.component.spec.js                          | spec-icon-icon.component.spec                          |   2.46 kB | 
spec-component-aliases.spec.js                            | spec-component-aliases.spec                            |   2.40 kB | 
chunk-6W4BLBE4.js                                         | -                                                      |   2.34 kB | 
chunk-PZBQHWJJ.js                                         | -                                                      |   2.14 kB | 
spec-p2-pick-list-behavior.spec.js                        | spec-p2-pick-list-behavior.spec                        |   2.11 kB | 
spec-progress-progress-spinner-behavior.spec.js           | spec-progress-progress-spinner-behavior.spec           |   1.87 kB | 
spec-skeleton-skeleton.component.spec.js                  | spec-skeleton-skeleton.component.spec                  |   1.81 kB | 
spec-internal-anchored-popup.spec.js                      | spec-internal-anchored-popup.spec                      |   1.74 kB | 
chunk-QQ4MZGJF.js                                         | -                                                      |   1.67 kB | 
spec-internal-overlay-attachment.spec.js                  | spec-internal-overlay-attachment.spec                  |   1.66 kB | 
chunk-E3CU6P73.js                                         | -                                                      |   1.55 kB | 
spec-tree-select-lifecycle-contract.spec.js               | spec-tree-select-lifecycle-contract.spec               |   1.24 kB | 
spec-tooltip-tooltip.component.spec.js                    | spec-tooltip-tooltip.component.spec                    |   1.18 kB | 
chunk-ZDBQROQU.js                                         | -                                                      | 775 bytes | 
chunk-GUJYB37F.js                                         | -                                                      | 769 bytes | 
chunk-EC242DWN.js                                         | -                                                      | 661 bytes | 
chunk-XOWHW4BR.js                                         | -                                                      | 645 bytes | 
chunk-3LEAIGVF.js                                         | -                                                      | 642 bytes | 
chunk-AJHJYIZT.js                                         | -                                                      | 634 bytes | 
chunk-KAHEO7GP.js                                         | -                                                      | 627 bytes | 
chunk-3NNWB3LW.js                                         | -                                                      | 530 bytes | 
jasmine-cleanup-0.js                                      | jasmine-cleanup-0                                      | 446 bytes | 
spec-runtime-diagnostics.spec.js                          | spec-runtime-diagnostics.spec                          | 339 bytes | 

                                                          | Initial total                                          |   9.70 MB

Lazy chunk files                                          | Names                                                  |  Raw size
chunk-6RVPO7ZJ.js                                         | toast-container-component                              | 413 bytes | 

Application bundle generation complete. [3.928 seconds] - 2026-09-24T09:36:21.365Z

24 09 2026 06:36:21.615:INFO [karma-server]: Karma v6.4.4 server started at http://localhost:9876/
24 09 2026 06:36:21.615:INFO [launcher]: Launching browsers ChromeHeadless with concurrency unlimited
24 09 2026 06:36:21.619:INFO [launcher]: Starting browser ChromeHeadless
24 09 2026 06:36:22.451:INFO [Chrome Headless 153.0.0.0 (Mac OS 10.15.7)]: Connected on socket 9H844821VAaatLRtAAAB with id 13540509
Chrome Headless 153.0.0.0 (Mac OS 10.15.7): Executed 0 of 1464[32m SUCCESS[39m (0 secs / 0 secs)
[1A[2KChrome Headless 153.0.0.0 (Mac OS 10.15.7): Executed 1 of 1464[32m SUCCESS[39m (0 secs / 0.031 secs)
[1A[2KChrome Headless 153.0.0.0 (Mac OS 10.15.7): Executed 2 of 1464[32m SUCCESS[39m (0 secs / 0.037 secs)
[1A[2KChrome Headless 153.0.0.0 (Mac OS 10.15.7): Executed 3 of 1464[32m SUCCESS[39m (0 secs / 0.04 secs)
[1A[2KChrome Headless 153.0.0.0 (Mac OS 10.15.7): Executed 4 of 1464[32m SUCCESS[39m (0 secs / 0.042 secs)
[1A[2KChrome Headless 153.0.0.0 (Mac OS 10.15.7): Executed 5 of 1464[32m SUCCESS[39m (0 secs / 0.054 secs)
[1A[2KChrome Headless 153.0.0.0 (Mac OS 10.15.7): Executed 6 of 1464[32m SUCCESS[39m (0 secs / 0.055 secs)
[1A[2KChrome Headless 153.0.0.0 (Mac OS 10.15.7): Executed 7 of 1464[32m SUCCESS[39m (0 secs / 0.062 secs)
[1A[2KChrome Headless 153.0.0.0 (Mac OS 10.15.7): Executed 8 of 1464[32m SUCCESS[39m (0 secs / 0.063 secs)
[1A[2KChrome Headless 153.0.0.0 (Mac OS 10.15.7): Executed 9 of 1464[32m SUCCESS[39m (0 secs / 0.067 secs)
[1A[2KChrome Headless 153.0.0.0 (Mac OS 10.15.7): Executed 10 of 1464[32m SUCCESS[39m (0 secs / 0.068 secs)
[1A[2KChrome Headless 153.0.0.0 (Mac OS 10.15.7): Executed 11 of 1464[32m SUCCESS[39m (0 secs / 0.069 secs)
[1A[2KChrome Headless 153.0.0.0 (Mac OS 10.15.7): Executed 12 of 1464[32m SUCCESS[39m (0 secs / 0.07 secs)
[1A[2KChrome Headless 153.0.0.0 (Mac OS 10.15.7): Executed 13 of 1464[32m SUCCESS[39m (0 secs / 0.073 secs)
[1A[2KChrome Headless 153.0.0.0 (Mac OS 10.15.7): Executed 14 of 1464[32m SUCCESS[39m (0 secs / 0.084 secs)
[1A[2KChrome Headless 153.0.0.0 (Mac OS 10.15.7): Executed 15 of 1464[32m SUCCESS[39m (0 secs / 0.087 secs)
[1A[2KChrome Headless 153.0.0.0 (Mac OS 10.15.7): Executed 16 of 1464[32m SUCCESS[39m (0 secs / 0.091 secs)
[1A[2KChrome Headless 153.0.0.0 (Mac OS 10.15.7): Executed 17 of 1464[32m SUCCESS[39m (0 secs / 0.093 secs)
[1A[2KChrome Headless 153.0.0.0 (Mac OS 10.15.7): Executed 18 of 1464[32m SUCCESS[39m (0 secs / 0.094 secs)
[1A[2KChrome Headless 153.0.0.0 (Mac OS 10.15.7): Executed 19 of 1464[32m SUCCESS[39m (0 secs / 0.095 secs)
[1A[2KChrome Headless 153.0.0.0 (Mac OS 10.15.7): Executed 20 of 1464[32m SUCCESS[39m (0 secs / 0.097 secs)
[1A[2KChrome Headless 153.0.0.0 (Mac OS 10.15.7): Executed 21 of 1464[32m SUCCESS[39m (0 secs / 0.106 secs)
[1A[2KChrome Headless 153.0.0.0 (Mac OS 10.15.7): Executed 22 of 1464[32m SUCCESS[39m (0 secs / 0.132 secs)
[1A[2KChrome Headless 153.0.0.0 (Mac OS 10.15.7): Executed 23 of 1464[32m SUCCESS[39m (0 secs / 0.134 secs)
[1A[2KChrome Headless 153.0.0.0 (Mac OS 10.15.7): Executed 24 of 1464[32m SUCCESS[39m (0 secs / 0.136 secs)
[1A[2KChrome Headless 153.0.0.0 (Mac OS 10.15.7): Executed 25 of 1464[32m SUCCESS[39m (0 secs / 0.139 secs)
[1A[2KChrome Headless 153.0.0.0 (Mac OS 10.15.7): Executed 26 of 1464[32m SUCCESS[39m (0 secs / 0.141 secs)
[1A[2KChrome Headless 153.0.0.0 (Mac OS 10.15.7): Executed 27 of 1464[32m SUCCESS[39m (0 secs / 0.142 secs)
[1A[2KChrome Headless 153.0.0.0 (Mac OS 10.15.7): Executed 28 of 1464[32m SUCCESS[39m (0 secs / 0.143 secs)
[1A[2KChrome Headless 153.0.0.0 (Mac OS 10.15.7): Executed 29 of 1464[32m SUCCESS[39m (0 secs / 0.148 secs)
[1A[2KChrome Headless 153.0.0.0 (Mac OS 10.15.7): Executed 30 of 1464[32m SUCCESS[39m (0 secs / 0.15 secs)
[1A[2KChrome Headless 153.0.0.0 (Mac OS 10.15.7): Executed 31 of 1464[32m SUCCESS[39m (0 secs / 0.151 secs)
[1A[2KChrome Headless 153.0.0.0 (Mac OS 10.15.7): Executed 32 of 1464[32m SUCCESS[39m (0 secs / 0.152 secs)
[1A[2KChrome Headless 153.0.0.0 (Mac OS 10.15.7): Executed 33 of 1464[32m SUCCESS[39m (0 secs / 0.154 secs)
[1A[2KChrome Headless 153.0.0.0 (Mac OS 10.15.7): Executed 34 of 1464[32m SUCCESS[39m (0 secs / 0.156 secs)
[1A[2KChrome Headless 153.0.0.0 (Mac OS 10.15.7): Executed 35 of 1464[32m SUCCESS[39m (0 secs / 0.157 secs)
[1A[2KChrome Headless 153.0.0.0 (Mac OS 10.15.7): Executed 36 of 1464[32m SUCCESS[39m (0 secs / 0.158 secs)
[1A[2KChrome Headless 153.0.0.0 (Mac OS 10.15.7): Executed 37 of 1464[32m SUCCESS[39m (0 secs / 0.159 secs)
[1A[2KChrome Headless 153.0.0.0 (Mac OS 10.15.7): Executed 38 of 1464[32m SUCCESS[39m (0 secs / 0.159 secs)
[1A[2KChrome Headless 153.0.0.0 (Mac OS 10.15.7): Executed 39 of 1464[32m SUCCESS[39m (0 secs / 0.163 secs)
[1A[2KChrome Headless 153.0.0.0 (Mac OS 10.15.7): Executed 40 of 1464[32m SUCCESS[39m (0 secs / 0.164 secs)
[1A[2KChrome Headless 153.0.0.0 (Mac OS 10.15.7): Executed 41 of 1464[32m SUCCESS[39m (0 secs / 0.198 secs)
[1A[2KChrome Headless 153.0.0.0 (Mac OS 10.15.7): Executed 42 of 1464[32m SUCCESS[39m (0 secs / 0.206 secs)
[1A[2KChrome Headless 153.0.0.0 (Mac OS 10.15.7): Executed 43 of 1464[32m SUCCESS[39m (0 secs / 0.207 secs)
[1A[2KChrome Headless 153.0.0.0 (Mac OS 10.15.7): Executed 44 of 1464[32m SUCCESS[39m (0 secs / 0.208 secs)
[1A[2KChrome Headless 153.0.0.0 (Mac OS 10.15.7): Executed 45 of 1464[32m SUCCESS[39m (0 secs / 0.214 secs)
[1A[2KChrome Headless 153.0.0.0 (Mac OS 10.15.7): Executed 46 of 1464[32m SUCCESS[39m (0 secs / 0.215 secs)
[1A[2KChrome Headless 153.0.0.0 (Mac OS 10.15.7): Executed 47 of 1464[32m SUCCESS[39m (0 secs / 0.217 secs)
[1A[2KChrome Headless 153.0.0.0 (Mac OS 10.15.7): Executed 48 of 1464[32m SUCCESS[39m (0 secs / 0.218 secs)
[1A[2KChrome Headless 153.0.0.0 (Mac OS 10.15.7): Executed 49 of 1464[32m SUCCESS[39m (0 secs / 0.219 secs)
[1A[2KChrome Headless 153.0.0.0 (Mac OS 10.15.7): Executed 50 of 1464[32m SUCCESS[39m (0 secs / 0.22 secs)
[1A[2KChrome Headless 153.0.0.0 (Mac OS 10.15.7): Executed 51 of 1464[32m SUCCESS[39m (0 secs / 0.22 secs)
[1A[2KChrome Headless 153.0.0.0 (Mac OS 10.15.7): Executed 52 of 1464[32m SUCCESS[39m (0 secs / 0.225 secs)
[1A[2KChrome Headless 153.0.0.0 (Mac OS 10.15.7): Executed 53 of 1464[32m SUCCESS[39m (0 secs / 0.226 secs)
[1A[2KChrome Headless 153.0.0.0 (Mac OS 10.15.7): Executed 54 of 1464[32m SUCCESS[39m (0 secs / 0.228 secs)
[1A[2KChrome Headless 153.0.0.0 (Mac OS 10.15.7): Executed 55 of 1464[32m SUCCESS[39m (0 secs / 0.229 secs)
[1A[2KChrome Headless 153.0.0.0 (Mac OS 10.15.7): Executed 56 of 1464[32m SUCCESS[39m (0 secs / 0.23 secs)
[1A[2KChrome Headless 153.0.0.0 (Mac OS 10.15.7): Executed 57 of 1464[32m SUCCESS[39m (0 secs / 0.231 secs)
[1A[2KChrome Headless 153.0.0.0 (Mac OS 10.15.7): Executed 58 of 1464[32m SUCCESS[39m (0 secs / 0.231 secs)
[1A[2KChrome Headless 153.0.0.0 (Mac OS 10.15.7): Executed 59 of 1464[32m SUCCESS[39m (0 secs / 0.232 secs)
[1A[2KChrome Headless 153.0.0.0 (Mac OS 10.15.7): Executed 60 of 1464[32m SUCCESS[39m (0 secs / 0.233 secs)
[1A[2KChrome Headless 153.0.0.0 (Mac OS 10.15.7): Executed 61 of 1464[32m SUCCESS[39m (0 secs / 0.234 secs)
[1A[2KChrome Headless 153.0.0.0 (Mac OS 10.15.7): Executed 62 of 1464[32m SUCCESS[39m (0 secs / 0.234 secs)
[1A[2KChrome Headless 153.0.0.0 (Mac OS 10.15.7): Executed 63 of 1464[32m SUCCESS[39m (0 secs / 0.235 secs)
[1A[2KChrome Headless 153.0.0.0 (Mac OS 10.15.7): Executed 64 of 1464[32m SUCCESS[39m (0 secs / 0.24 secs)
[1A[2KChrome Headless 153.0.0.0 (Mac OS 10.15.7): Executed 65 of 1464[32m SUCCESS[39m (0 secs / 0.248 secs)
[1A[2KChrome Headless 153.0.0.0 (Mac OS 10.15.7): Executed 66 of 1464[32m SUCCESS[39m (0 secs / 0.251 secs)
[1A[2KChrome Headless 153.0.0.0 (Mac OS 10.15.7): Executed 67 of 1464[32m SUCCESS[39m (0 secs / 0.256 secs)
[1A[2KChrome Headless 153.0.0.0 (Mac OS 10.15.7): Executed 68 of 1464[32m SUCCESS[39m (0 secs / 0.264 secs)
[1A[2KChrome Headless 153.0.0.0 (Mac OS 10.15.7): Executed 69 of 1464[32m SUCCESS[39m (0 secs / 0.268 secs)
[1A[2KChrome Headless 153.0.0.0 (Mac OS 10.15.7): Executed 70 of 1464[32m SUCCESS[39m (0 secs / 0.269 secs)
[1A[2KChrome Headless 153.0.0.0 (Mac OS 10.15.7): Executed 71 of 1464[32m SUCCESS[39m (0 secs / 0.274 secs)
[1A[2KChrome Headless 153.0.0.0 (Mac OS 10.15.7): Executed 72 of 1464[32m SUCCESS[39m (0 secs / 0.275 secs)
[1A[2KChrome Headless 153.0.0.0 (Mac OS 10.15.7): Executed 73 of 1464[32m SUCCESS[39m (0 secs / 0.277 secs)
[1A[2KChrome Headless 153.0.0.0 (Mac OS 10.15.7): Executed 74 of 1464[32m SUCCESS[39m (0 secs / 0.277 secs)
[1A[2KChrome Headless 153.0.0.0 (Mac OS 10.15.7): Executed 75 of 1464[32m SUCCESS[39m (0 secs / 0.278 secs)
[1A[2KChrome Headless 153.0.0.0 (Mac OS 10.15.7): Executed 76 of 1464[32m SUCCESS[39m (0 secs / 0.278 secs)
[1A[2KChrome Headless 153.0.0.0 (Mac OS 10.15.7): Executed 77 of 1464[32m SUCCESS[39m (0 secs / 0.283 secs)
[1A[2KChrome Headless 153.0.0.0 (Mac OS 10.15.7): Executed 78 of 1464[32m SUCCESS[39m (0 secs / 0.285 secs)
[1A[2KChrome Headless 153.0.0.0 (Mac OS 10.15.7): Executed 79 of 1464[32m SUCCESS[39m (0 secs / 0.287 secs)
[1A[2KChrome Headless 153.0.0.0 (Mac OS 10.15.7): Executed 80 of 1464[32m SUCCESS[39m (0 secs / 0.29 secs)
[1A[2KChrome Headless 153.0.0.0 (Mac OS 10.15.7): Executed 81 of 1464[32m SUCCESS[39m (0 secs / 0.291 secs)
[1A[2KChrome Headless 153.0.0.0 (Mac OS 10.15.7): Executed 82 of 1464[32m SUCCESS[39m (0 secs / 0.292 secs)
[1A[2KChrome Headless 153.0.0.0 (Mac OS 10.15.7): Executed 83 of 1464[32m SUCCESS[39m (0 secs / 0.294 secs)
[1A[2KChrome Headless 153.0.0.0 (Mac OS 10.15.7): Executed 84 of 1464[32m SUCCESS[39m (0 secs / 0.295 secs)
[1A[2KChrome Headless 153.0.0.0 (Mac OS 10.15.7): Executed 85 of 1464[32m SUCCESS[39m (0 secs / 0.296 secs)
[1A[2KChrome Headless 153.0.0.0 (Mac OS 10.15.7): Executed 86 of 1464[32m SUCCESS[39m (0 secs / 0.296 secs)
[1A[2KChrome Headless 153.0.0.0 (Mac OS 10.15.7): Executed 87 of 1464[32m SUCCESS[39m (0 secs / 0.311 secs)
[1A[2KChrome Headless 153.0.0.0 (Mac OS 10.15.7): Executed 88 of 1464[32m SUCCESS[39m (0 secs / 0.313 secs)
[1A[2KChrome Headless 153.0.0.0 (Mac OS 10.15.7): Executed 89 of 1464[32m SUCCESS[39m (0 secs / 0.315 secs)
[1A[2KChrome Headless 153.0.0.0 (Mac OS 10.15.7): Executed 90 of 1464[32m SUCCESS[39m (0 secs / 0.318 secs)
[1A[2KChrome Headless 153.0.0.0 (Mac OS 10.15.7): Executed 91 of 1464[32m SUCCESS[39m (0 secs / 0.321 secs)
[1A[2KChrome Headless 153.0.0.0 (Mac OS 10.15.7): Executed 92 of 1464[32m SUCCESS[39m (0 secs / 0.323 secs)
[1A[2KChrome Headless 153.0.0.0 (Mac OS 10.15.7): Executed 93 of 1464[32m SUCCESS[39m (0 secs / 0.325 secs)
[1A[2KChrome Headless 153.0.0.0 (Mac OS 10.15.7): Executed 94 of 1464[32m SUCCESS[39m (0 secs / 0.327 secs)
[1A[2KChrome Headless 153.0.0.0 (Mac OS 10.15.7): Executed 95 of 1464[32m SUCCESS[39m (0 secs / 0.329 secs)
[1A[2KChrome Headless 153.0.0.0 (Mac OS 10.15.7): Executed 96 of 1464[32m SUCCESS[39m (0 secs / 0.33 secs)
[1A[2KChrome Headless 153.0.0.0 (Mac OS 10.15.7): Executed 97 of 1464[32m SUCCESS[39m (0 secs / 0.332 secs)
[1A[2KChrome Headless 153.0.0.0 (Mac OS 10.15.7): Executed 98 of 1464[32m SUCCESS[39m (0 secs / 0.333 secs)
[1A[2KChrome Headless 153.0.0.0 (Mac OS 10.15.7): Executed 99 of 1464[32m SUCCESS[39m (0 secs / 0.334 secs)
[1A[2KChrome Headless 153.0.0.0 (Mac OS 10.15.7): Executed 100 of 1464[32m SUCCESS[39m (0 secs / 0.336 secs)
[1A[2KChrome Headless 153.0.0.0 (Mac OS 10.15.7): Executed 101 of 1464[32m SUCCESS[39m (0 secs / 0.338 secs)
[1A[2KChrome Headless 153.0.0.0 (Mac OS 10.15.7): Executed 102 of 1464[32m SUCCESS[39m (0 secs / 0.341 secs)
[1A[2KChrome Headless 153.0.0.0 (Mac OS 10.15.7): Executed 103 of 1464[32m SUCCESS[39m (0 secs / 0.343 secs)
[1A[2KChrome Headless 153.0.0.0 (Mac OS 10.15.7): Executed 104 of 1464[32m SUCCESS[39m (0 secs / 0.347 secs)
[1A[2KChrome Headless 153.0.0.0 (Mac OS 10.15.7): Executed 105 of 1464[32m SUCCESS[39m (0 secs / 0.348 secs)
[1A[2KChrome Headless 153.0.0.0 (Mac OS 10.15.7): Executed 106 of 1464[32m SUCCESS[39m (0 secs / 0.348 secs)
[1A[2KChrome Headless 153.0.0.0 (Mac OS 10.15.7): Executed 107 of 1464[32m SUCCESS[39m (0 secs / 0.35 secs)
[1A[2KChrome Headless 153.0.0.0 (Mac OS 10.15.7): Executed 108 of 1464[32m SUCCESS[39m (0 secs / 0.359 secs)
[1A[2KChrome Headless 153.0.0.0 (Mac OS 10.15.7): Executed 109 of 1464[32m SUCCESS[39m (0 secs / 0.36 secs)
[1A[2KChrome Headless 153.0.0.0 (Mac OS 10.15.7): Executed 110 of 1464[32m SUCCESS[39m (0 secs / 0.361 secs)
[1A[2KChrome Headless 153.0.0.0 (Mac OS 10.15.7): Executed 111 of 1464[32m SUCCESS[39m (0 secs / 0.362 secs)
[1A[2KChrome Headless 153.0.0.0 (Mac OS 10.15.7): Executed 112 of 1464[32m SUCCESS[39m (0 secs / 0.363 secs)
[1A[2KChrome Headless 153.0.0.0 (Mac OS 10.15.7): Executed 113 of 1464[32m SUCCESS[39m (0 secs / 0.364 secs)
[1A[2KChrome Headless 153.0.0.0 (Mac OS 10.15.7): Executed 114 of 1464[32m SUCCESS[39m (0 secs / 0.366 secs)
[1A[2KChrome Headless 153.0.0.0 (Mac OS 10.15.7): Executed 115 of 1464[32m SUCCESS[39m (0 secs / 0.367 secs)
[1A[2KChrome Headless 153.0.0.0 (Mac OS 10.15.7): Executed 116 of 1464[32m SUCCESS[39m (0 secs / 0.367 secs)
[1A[2KChrome Headless 153.0.0.0 (Mac OS 10.15.7): Executed 117 of 1464[32m SUCCESS[39m (0 secs / 0.368 secs)
[1A[2KChrome Headless 153.0.0.0 (Mac OS 10.15.7): Executed 118 of 1464[32m SUCCESS[39m (0 secs / 0.368 secs)
[1A[2KChrome Headless 153.0.0.0 (Mac OS 10.15.7): Executed 119 of 1464[32m SUCCESS[39m (0 secs / 0.369 secs)
[1A[2KChrome Headless 153.0.0.0 (Mac OS 10.15.7): Executed 120 of 1464[32m SUCCESS[39m (0 secs / 0.377 secs)
[1A[2KChrome Headless 153.0.0.0 (Mac OS 10.15.7): Executed 121 of 1464[32m SUCCESS[39m (0 secs / 0.378 secs)
[1A[2KChrome Headless 153.0.0.0 (Mac OS 10.15.7): Executed 122 of 1464[32m SUCCESS[39m (0 secs / 0.38 secs)
[1A[2KChrome Headless 153.0.0.0 (Mac OS 10.15.7): Executed 123 of 1464[32m SUCCESS[39m (0 secs / 0.383 secs)
[1A[2KChrome Headless 153.0.0.0 (Mac OS 10.15.7): Executed 124 of 1464[32m SUCCESS[39m (0 secs / 0.384 secs)
[1A[2KChrome Headless 153.0.0.0 (Mac OS 10.15.7): Executed 125 of 1464[32m SUCCESS[39m (0 secs / 0.385 secs)
[1A[2KChrome Headless 153.0.0.0 (Mac OS 10.15.7): Executed 126 of 1464[32m SUCCESS[39m (0 secs / 0.387 secs)
[1A[2KChrome Headless 153.0.0.0 (Mac OS 10.15.7): Executed 127 of 1464[32m SUCCESS[39m (0 secs / 0.388 secs)
[1A[2KChrome Headless 153.0.0.0 (Mac OS 10.15.7): Executed 128 of 1464[32m SUCCESS[39m (0 secs / 0.389 secs)
[1A[2KChrome Headless 153.0.0.0 (Mac OS 10.15.7): Executed 129 of 1464[32m SUCCESS[39m (0 secs / 0.389 secs)
[1A[2KChrome Headless 153.0.0.0 (Mac OS 10.15.7): Executed 130 of 1464[32m SUCCESS[39m (0 secs / 0.39 secs)
[1A[2KChrome Headless 153.0.0.0 (Mac OS 10.15.7): Executed 131 of 1464[32m SUCCESS[39m (0 secs / 0.391 secs)
[1A[2KChrome Headless 153.0.0.0 (Mac OS 10.15.7): Executed 132 of 1464[32m SUCCESS[39m (0 secs / 0.392 secs)
[1A[2KChrome Headless 153.0.0.0 (Mac OS 10.15.7): Executed 133 of 1464[32m SUCCESS[39m (0 secs / 0.392 secs)
[1A[2KChrome Headless 153.0.0.0 (Mac OS 10.15.7): Executed 134 of 1464[32m SUCCESS[39m (0 secs / 0.393 secs)
[1A[2KChrome Headless 153.0.0.0 (Mac OS 10.15.7): Executed 135 of 1464[32m SUCCESS[39m (0 secs / 0.396 secs)
[1A[2KChrome Headless 153.0.0.0 (Mac OS 10.15.7): Executed 136 of 1464[32m SUCCESS[39m (0 secs / 0.397 secs)
[1A[2KChrome Headless 153.0.0.0 (Mac OS 10.15.7): Executed 137 of 1464[32m SUCCESS[39m (0 secs / 0.4 secs)
[1A[2KChrome Headless 153.0.0.0 (Mac OS 10.15.7): Executed 138 of 1464[32m SUCCESS[39m (0 secs / 0.401 secs)
[1A[2KChrome Headless 153.0.0.0 (Mac OS 10.15.7): Executed 139 of 1464[32m SUCCESS[39m (0 secs / 0.402 secs)
[1A[2KChrome Headless 153.0.0.0 (Mac OS 10.15.7): Executed 140 of 1464[32m SUCCESS[39m (0 secs / 0.403 secs)
[1A[2KChrome Headless 153.0.0.0 (Mac OS 10.15.7): Executed 141 of 1464[32m SUCCESS[39m (0 secs / 0.405 secs)
[1A[2KChrome Headless 153.0.0.0 (Mac OS 10.15.7): Executed 142 of 1464[32m SUCCESS[39m (0 secs / 0.406 secs)
[1A[2KChrome Headless 153.0.0.0 (Mac OS 10.15.7): Executed 143 of 1464[32m SUCCESS[39m (0 secs / 0.407 secs)
[1A[2KChrome Headless 153.0.0.0 (Mac OS 10.15.7): Executed 144 of 1464[32m SUCCESS[39m (0 secs / 0.407 secs)
[1A[2KChrome Headless 153.0.0.0 (Mac OS 10.15.7): Executed 145 of 1464[32m SUCCESS[39m (0 secs / 0.482 secs)
[1A[2KChrome Headless 153.0.0.0 (Mac OS 10.15.7): Executed 146 of 1464[32m SUCCESS[39m (0 secs / 0.49 secs)
[1A[2KChrome Headless 153.0.0.0 (Mac OS 10.15.7): Executed 147 of 1464[32m SUCCESS[39m (0 secs / 0.494 secs)
[1A[2KChrome Headless 153.0.0.0 (Mac OS 10.15.7): Executed 148 of 1464[32m SUCCESS[39m (0 secs / 0.504 secs)
[1A[2KChrome Headless 153.0.0.0 (Mac OS 10.15.7): Executed 149 of 1464[32m SUCCESS[39m (0 secs / 0.509 secs)
[1A[2KChrome Headless 153.0.0.0 (Mac OS 10.15.7): Executed 150 of 1464[32m SUCCESS[39m (0 secs / 0.51 secs)
[1A[2KChrome Headless 153.0.0.0 (Mac OS 10.15.7): Executed 151 of 1464[32m SUCCESS[39m (0 secs / 0.51 secs)
[1A[2KChrome Headless 153.0.0.0 (Mac OS 10.15.7): Executed 152 of 1464[32m SUCCESS[39m (0 secs / 0.511 secs)
[1A[2KChrome Headless 153.0.0.0 (Mac OS 10.15.7): Executed 153 of 1464[32m SUCCESS[39m (0 secs / 0.511 secs)
[1A[2KChrome Headless 153.0.0.0 (Mac OS 10.15.7): Executed 154 of 1464[32m SUCCESS[39m (0 secs / 0.515 secs)
[1A[2KChrome Headless 153.0.0.0 (Mac OS 10.15.7): Executed 155 of 1464[32m SUCCESS[39m (0 secs / 0.519 secs)
[1A[2KChrome Headless 153.0.0.0 (Mac OS 10.15.7): Executed 156 of 1464[32m SUCCESS[39m (0 secs / 0.527 secs)
[1A[2KChrome Headless 153.0.0.0 (Mac OS 10.15.7): Executed 157 of 1464[32m SUCCESS[39m (0 secs / 0.531 secs)
[1A[2KChrome Headless 153.0.0.0 (Mac OS 10.15.7): Executed 158 of 1464[32m SUCCESS[39m (0 secs / 0.533 secs)
[1A[2KChrome Headless 153.0.0.0 (Mac OS 10.15.7): Executed 159 of 1464[32m SUCCESS[39m (0 secs / 0.534 secs)
[1A[2KChrome Headless 153.0.0.0 (Mac OS 10.15.7): Executed 160 of 1464[32m SUCCESS[39m (0 secs / 0.535 secs)
[1A[2KChrome Headless 153.0.0.0 (Mac OS 10.15.7): Executed 161 of 1464[32m SUCCESS[39m (0 secs / 0.547 secs)
[1A[2KChrome Headless 153.0.0.0 (Mac OS 10.15.7): Executed 162 of 1464[32m SUCCESS[39m (0 secs / 0.55 secs)
[1A[2KChrome Headless 153.0.0.0 (Mac OS 10.15.7): Executed 163 of 1464[32m SUCCESS[39m (0 secs / 0.552 secs)
[1A[2KChrome Headless 153.0.0.0 (Mac OS 10.15.7): Executed 164 of 1464[32m SUCCESS[39m (0 secs / 0.553 secs)
[1A[2KChrome Headless 153.0.0.0 (Mac OS 10.15.7): Executed 165 of 1464[32m SUCCESS[39m (0 secs / 0.554 secs)
[1A[2KChrome Headless 153.0.0.0 (Mac OS 10.15.7): Executed 166 of 1464[32m SUCCESS[39m (0 secs / 0.555 secs)
[1A[2KChrome Headless 153.0.0.0 (Mac OS 10.15.7): Executed 167 of 1464[32m SUCCESS[39m (0 secs / 0.556 secs)
[1A[2KChrome Headless 153.0.0.0 (Mac OS 10.15.7): Executed 168 of 1464[32m SUCCESS[39m (0 secs / 0.556 secs)
[1A[2KChrome Headless 153.0.0.0 (Mac OS 10.15.7): Executed 169 of 1464[32m SUCCESS[39m (0 secs / 0.559 secs)
[1A[2KChrome Headless 153.0.0.0 (Mac OS 10.15.7): Executed 170 of 1464[32m SUCCESS[39m (0 secs / 0.56 secs)
[1A[2KChrome Headless 153.0.0.0 (Mac OS 10.15.7): Executed 171 of 1464[32m SUCCESS[39m (0 secs / 0.561 secs)
[1A[2KChrome Headless 153.0.0.0 (Mac OS 10.15.7): Executed 172 of 1464[32m SUCCESS[39m (0 secs / 0.561 secs)
[1A[2KChrome Headless 153.0.0.0 (Mac OS 10.15.7): Executed 173 of 1464[32m SUCCESS[39m (0 secs / 0.561 secs)
[1A[2KChrome Headless 153.0.0.0 (Mac OS 10.15.7): Executed 174 of 1464[32m SUCCESS[39m (0 secs / 0.562 secs)
[1A[2KChrome Headless 153.0.0.0 (Mac OS 10.15.7): Executed 175 of 1464[32m SUCCESS[39m (0 secs / 0.562 secs)
[1A[2KChrome Headless 153.0.0.0 (Mac OS 10.15.7): Executed 176 of 1464[32m SUCCESS[39m (0 secs / 0.563 secs)
[1A[2KChrome Headless 153.0.0.0 (Mac OS 10.15.7): Executed 177 of 1464[32m SUCCESS[39m (0 secs / 0.584 secs)
[1A[2KChrome Headless 153.0.0.0 (Mac OS 10.15.7): Executed 178 of 1464[32m SUCCESS[39m (0 secs / 0.585 secs)
[1A[2KChrome Headless 153.0.0.0 (Mac OS 10.15.7): Executed 179 of 1464[32m SUCCESS[39m (0 secs / 0.587 secs)
[1A[2KChrome Headless 153.0.0.0 (Mac OS 10.15.7): Executed 180 of 1464[32m SUCCESS[39m (0 secs / 0.588 secs)
[1A[2KChrome Headless 153.0.0.0 (Mac OS 10.15.7): Executed 181 of 1464[32m SUCCESS[39m (0 secs / 0.589 secs)
[1A[2KChrome Headless 153.0.0.0 (Mac OS 10.15.7): Executed 182 of 1464[32m SUCCESS[39m (0 secs / 0.598 secs)
[1A[2KChrome Headless 153.0.0.0 (Mac OS 10.15.7): Executed 183 of 1464[32m SUCCESS[39m (0 secs / 0.599 secs)
[1A[2KChrome Headless 153.0.0.0 (Mac OS 10.15.7): Executed 184 of 1464[32m SUCCESS[39m (0 secs / 0.601 secs)
[1A[2KChrome Headless 153.0.0.0 (Mac OS 10.15.7): Executed 185 of 1464[32m SUCCESS[39m (0 secs / 0.61 secs)
[1A[2KChrome Headless 153.0.0.0 (Mac OS 10.15.7): Executed 186 of 1464[32m SUCCESS[39m (0 secs / 0.611 secs)
[1A[2KChrome Headless 153.0.0.0 (Mac OS 10.15.7): Executed 187 of 1464[32m SUCCESS[39m (0 secs / 0.623 secs)
[1A[2KChrome Headless 153.0.0.0 (Mac OS 10.15.7): Executed 188 of 1464[32m SUCCESS[39m (0 secs / 0.626 secs)
[1A[2KChrome Headless 153.0.0.0 (Mac OS 10.15.7): Executed 189 of 1464[32m SUCCESS[39m (0 secs / 0.628 secs)
[1A[2KChrome Headless 153.0.0.0 (Mac OS 10.15.7): Executed 190 of 1464[32m SUCCESS[39m (0 secs / 0.629 secs)
[1A[2KChrome Headless 153.0.0.0 (Mac OS 10.15.7): Executed 191 of 1464[32m SUCCESS[39m (0 secs / 0.631 secs)
[1A[2KChrome Headless 153.0.0.0 (Mac OS 10.15.7): Executed 192 of 1464[32m SUCCESS[39m (0 secs / 0.632 secs)
[1A[2KChrome Headless 153.0.0.0 (Mac OS 10.15.7): Executed 193 of 1464[32m SUCCESS[39m (0 secs / 0.633 secs)
[1A[2KChrome Headless 153.0.0.0 (Mac OS 10.15.7): Executed 194 of 1464[32m SUCCESS[39m (0 secs / 0.633 secs)
[1A[2KChrome Headless 153.0.0.0 (Mac OS 10.15.7): Executed 195 of 1464[32m SUCCESS[39m (0 secs / 0.634 secs)
[1A[2KChrome Headless 153.0.0.0 (Mac OS 10.15.7): Executed 196 of 1464[32m SUCCESS[39m (0 secs / 0.64 secs)
[1A[2KChrome Headless 153.0.0.0 (Mac OS 10.15.7): Executed 197 of 1464[32m SUCCESS[39m (0 secs / 0.642 secs)
[1A[2KChrome Headless 153.0.0.0 (Mac OS 10.15.7): Executed 198 of 1464[32m SUCCESS[39m (0 secs / 0.645 secs)
[1A[2KChrome Headless 153.0.0.0 (Mac OS 10.15.7): Executed 199 of 1464[32m SUCCESS[39m (0 secs / 0.647 secs)
[1A[2KChrome Headless 153.0.0.0 (Mac OS 10.15.7): Executed 200 of 1464[32m SUCCESS[39m (0 secs / 0.648 secs)
[1A[2KChrome Headless 153.0.0.0 (Mac OS 10.15.7): Executed 201 of 1464[32m SUCCESS[39m (0 secs / 0.65 secs)
[1A[2KChrome Headless 153.0.0.0 (Mac OS 10.15.7): Executed 202 of 1464[32m SUCCESS[39m (0 secs / 0.651 secs)
[1A[2KChrome Headless 153.0.0.0 (Mac OS 10.15.7): Executed 203 of 1464[32m SUCCESS[39m (0 secs / 0.652 secs)
[1A[2KChrome Headless 153.0.0.0 (Mac OS 10.15.7): Executed 204 of 1464[32m SUCCESS[39m (0 secs / 0.653 secs)
[1A[2KChrome Headless 153.0.0.0 (Mac OS 10.15.7): Executed 205 of 1464[32m SUCCESS[39m (0 secs / 0.654 secs)
[1A[2KChrome Headless 153.0.0.0 (Mac OS 10.15.7): Executed 206 of 1464[32m SUCCESS[39m (0 secs / 0.655 secs)
[1A[2KChrome Headless 153.0.0.0 (Mac OS 10.15.7): Executed 207 of 1464[32m SUCCESS[39m (0 secs / 0.656 secs)
[1A[2KChrome Headless 153.0.0.0 (Mac OS 10.15.7): Executed 208 of 1464[32m SUCCESS[39m (0 secs / 0.656 secs)
[1A[2KChrome Headless 153.0.0.0 (Mac OS 10.15.7): Executed 209 of 1464[32m SUCCESS[39m (0 secs / 0.656 secs)
[1A[2KChrome Headless 153.0.0.0 (Mac OS 10.15.7): Executed 210 of 1464[32m SUCCESS[39m (0 secs / 0.659 secs)
[1A[2KChrome Headless 153.0.0.0 (Mac OS 10.15.7): Executed 211 of 1464[32m SUCCESS[39m (0 secs / 0.661 secs)
[1A[2KChrome Headless 153.0.0.0 (Mac OS 10.15.7): Executed 212 of 1464[32m SUCCESS[39m (0 secs / 0.662 secs)
[1A[2KChrome Headless 153.0.0.0 (Mac OS 10.15.7): Executed 213 of 1464[32m SUCCESS[39m (0 secs / 0.667 secs)
[1A[2KChrome Headless 153.0.0.0 (Mac OS 10.15.7): Executed 214 of 1464[32m SUCCESS[39m (0 secs / 1.096 secs)
[1A[2KChrome Headless 153.0.0.0 (Mac OS 10.15.7): Executed 215 of 1464[32m SUCCESS[39m (0 secs / 1.099 secs)
[1A[2KChrome Headless 153.0.0.0 (Mac OS 10.15.7): Executed 216 of 1464[32m SUCCESS[39m (0 secs / 1.304 secs)
[1A[2KChrome Headless 153.0.0.0 (Mac OS 10.15.7): Executed 217 of 1464[32m SUCCESS[39m (0 secs / 1.312 secs)
[1A[2KChrome Headless 153.0.0.0 (Mac OS 10.15.7): Executed 218 of 1464[32m SUCCESS[39m (0 secs / 1.313 secs)
[1A[2KChrome Headless 153.0.0.0 (Mac OS 10.15.7): Executed 219 of 1464[32m SUCCESS[39m (0 secs / 1.317 secs)
[1A[2KChrome Headless 153.0.0.0 (Mac OS 10.15.7): Executed 220 of 1464[32m SUCCESS[39m (0 secs / 1.318 secs)
[1A[2KChrome Headless 153.0.0.0 (Mac OS 10.15.7): Executed 221 of 1464[32m SUCCESS[39m (0 secs / 1.32 secs)
[1A[2KChrome Headless 153.0.0.0 (Mac OS 10.15.7): Executed 222 of 1464[32m SUCCESS[39m (0 secs / 1.321 secs)
[1A[2KChrome Headless 153.0.0.0 (Mac OS 10.15.7): Executed 223 of 1464[32m SUCCESS[39m (0 secs / 1.322 secs)
[1A[2KChrome Headless 153.0.0.0 (Mac OS 10.15.7): Executed 224 of 1464[32m SUCCESS[39m (0 secs / 1.323 secs)
[1A[2KChrome Headless 153.0.0.0 (Mac OS 10.15.7): Executed 225 of 1464[32m SUCCESS[39m (0 secs / 1.332 secs)
[1A[2KChrome Headless 153.0.0.0 (Mac OS 10.15.7): Executed 226 of 1464[32m SUCCESS[39m (0 secs / 1.333 secs)
[1A[2KChrome Headless 153.0.0.0 (Mac OS 10.15.7): Executed 227 of 1464[32m SUCCESS[39m (0 secs / 1.335 secs)
[1A[2KChrome Headless 153.0.0.0 (Mac OS 10.15.7): Executed 228 of 1464[32m SUCCESS[39m (0 secs / 1.336 secs)
[1A[2KChrome Headless 153.0.0.0 (Mac OS 10.15.7): Executed 229 of 1464[32m SUCCESS[39m (0 secs / 1.337 secs)
[1A[2KChrome Headless 153.0.0.0 (Mac OS 10.15.7): Executed 230 of 1464[32m SUCCESS[39m (0 secs / 1.338 secs)
[1A[2KChrome Headless 153.0.0.0 (Mac OS 10.15.7): Executed 231 of 1464[32m SUCCESS[39m (0 secs / 1.341 secs)
[1A[2KChrome Headless 153.0.0.0 (Mac OS 10.15.7): Executed 232 of 1464[32m SUCCESS[39m (0 secs / 1.342 secs)
[1A[2KChrome Headless 153.0.0.0 (Mac OS 10.15.7): Executed 233 of 1464[32m SUCCESS[39m (0 secs / 1.343 secs)
[1A[2KChrome Headless 153.0.0.0 (Mac OS 10.15.7): Executed 234 of 1464[32m SUCCESS[39m (0 secs / 1.344 secs)
[1A[2KChrome Headless 153.0.0.0 (Mac OS 10.15.7): Executed 235 of 1464[32m SUCCESS[39m (0 secs / 1.346 secs)
[1A[2KChrome Headless 153.0.0.0 (Mac OS 10.15.7): Executed 236 of 1464[32m SUCCESS[39m (0 secs / 1.347 secs)
[1A[2KChrome Headless 153.0.0.0 (Mac OS 10.15.7): Executed 237 of 1464[32m SUCCESS[39m (0 secs / 1.348 secs)
[1A[2KChrome Headless 153.0.0.0 (Mac OS 10.15.7): Executed 238 of 1464[32m SUCCESS[39m (0 secs / 1.349 secs)
[1A[2KChrome Headless 153.0.0.0 (Mac OS 10.15.7): Executed 239 of 1464[32m SUCCESS[39m (0 secs / 1.351 secs)
[1A[2KChrome Headless 153.0.0.0 (Mac OS 10.15.7): Executed 240 of 1464[32m SUCCESS[39m (0 secs / 1.354 secs)
[1A[2KChrome Headless 153.0.0.0 (Mac OS 10.15.7): Executed 241 of 1464[32m SUCCESS[39m (0 secs / 1.355 secs)
[1A[2KChrome Headless 153.0.0.0 (Mac OS 10.15.7): Executed 242 of 1464[32m SUCCESS[39m (0 secs / 1.357 secs)
[1A[2KChrome Headless 153.0.0.0 (Mac OS 10.15.7): Executed 243 of 1464[32m SUCCESS[39m (0 secs / 1.358 secs)
[1A[2KChrome Headless 153.0.0.0 (Mac OS 10.15.7): Executed 244 of 1464[32m SUCCESS[39m (0 secs / 1.367 secs)
[1A[2KChrome Headless 153.0.0.0 (Mac OS 10.15.7): Executed 245 of 1464[32m SUCCESS[39m (0 secs / 1.369 secs)
[1A[2KChrome Headless 153.0.0.0 (Mac OS 10.15.7): Executed 246 of 1464[32m SUCCESS[39m (0 secs / 1.37 secs)
[1A[2KChrome Headless 153.0.0.0 (Mac OS 10.15.7): Executed 247 of 1464[32m SUCCESS[39m (0 secs / 1.374 secs)
[1A[2KChrome Headless 153.0.0.0 (Mac OS 10.15.7): Executed 248 of 1464[32m SUCCESS[39m (0 secs / 1.375 secs)
[1A[2KChrome Headless 153.0.0.0 (Mac OS 10.15.7): Executed 249 of 1464[32m SUCCESS[39m (0 secs / 1.378 secs)
[1A[2KChrome Headless 153.0.0.0 (Mac OS 10.15.7): Executed 250 of 1464[32m SUCCESS[39m (0 secs / 1.379 secs)
[1A[2KChrome Headless 153.0.0.0 (Mac OS 10.15.7): Executed 251 of 1464[32m SUCCESS[39m (0 secs / 1.383 secs)
[1A[2KChrome Headless 153.0.0.0 (Mac OS 10.15.7): Executed 252 of 1464[32m SUCCESS[39m (0 secs / 1.385 secs)
[1A[2KChrome Headless 153.0.0.0 (Mac OS 10.15.7): Executed 253 of 1464[32m SUCCESS[39m (0 secs / 1.386 secs)
[1A[2KChrome Headless 153.0.0.0 (Mac OS 10.15.7): Executed 254 of 1464[32m SUCCESS[39m (0 secs / 1.387 secs)
[1A[2KChrome Headless 153.0.0.0 (Mac OS 10.15.7): Executed 255 of 1464[32m SUCCESS[39m (0 secs / 1.408 secs)
[1A[2KChrome Headless 153.0.0.0 (Mac OS 10.15.7): Executed 256 of 1464[32m SUCCESS[39m (0 secs / 1.41 secs)
[1A[2KChrome Headless 153.0.0.0 (Mac OS 10.15.7): Executed 257 of 1464[32m SUCCESS[39m (0 secs / 1.413 secs)
[1A[2KChrome Headless 153.0.0.0 (Mac OS 10.15.7): Executed 258 of 1464[32m SUCCESS[39m (0 secs / 1.415 secs)
[1A[2KChrome Headless 153.0.0.0 (Mac OS 10.15.7): Executed 259 of 1464[32m SUCCESS[39m (0 secs / 1.416 secs)
[1A[2KChrome Headless 153.0.0.0 (Mac OS 10.15.7): Executed 260 of 1464[32m SUCCESS[39m (0 secs / 1.421 secs)
[1A[2KChrome Headless 153.0.0.0 (Mac OS 10.15.7): Executed 261 of 1464[32m SUCCESS[39m (0 secs / 1.423 secs)
[1A[2KChrome Headless 153.0.0.0 (Mac OS 10.15.7): Executed 262 of 1464[32m SUCCESS[39m (0 secs / 1.424 secs)
[1A[2KChrome Headless 153.0.0.0 (Mac OS 10.15.7): Executed 263 of 1464[32m SUCCESS[39m (0 secs / 1.425 secs)
[1A[2KChrome Headless 153.0.0.0 (Mac OS 10.15.7): Executed 264 of 1464[32m SUCCESS[39m (0 secs / 1.426 secs)
[1A[2KChrome Headless 153.0.0.0 (Mac OS 10.15.7): Executed 265 of 1464[32m SUCCESS[39m (0 secs / 1.428 secs)
[1A[2KChrome Headless 153.0.0.0 (Mac OS 10.15.7): Executed 266 of 1464[32m SUCCESS[39m (0 secs / 1.43 secs)
[1A[2KChrome Headless 153.0.0.0 (Mac OS 10.15.7): Executed 267 of 1464[32m SUCCESS[39m (0 secs / 1.432 secs)
[1A[2KChrome Headless 153.0.0.0 (Mac OS 10.15.7): Executed 268 of 1464[32m SUCCESS[39m (0 secs / 1.434 secs)
[1A[2KChrome Headless 153.0.0.0 (Mac OS 10.15.7): Executed 269 of 1464[32m SUCCESS[39m (0 secs / 1.435 secs)
[1A[2KChrome Headless 153.0.0.0 (Mac OS 10.15.7): Executed 270 of 1464[32m SUCCESS[39m (0 secs / 1.438 secs)
[1A[2KChrome Headless 153.0.0.0 (Mac OS 10.15.7): Executed 271 of 1464[32m SUCCESS[39m (0 secs / 1.439 secs)
[1A[2KChrome Headless 153.0.0.0 (Mac OS 10.15.7): Executed 272 of 1464[32m SUCCESS[39m (0 secs / 1.439 secs)
[1A[2KChrome Headless 153.0.0.0 (Mac OS 10.15.7): Executed 273 of 1464[32m SUCCESS[39m (0 secs / 1.44 secs)
[1A[2KChrome Headless 153.0.0.0 (Mac OS 10.15.7): Executed 274 of 1464[32m SUCCESS[39m (0 secs / 1.441 secs)
[1A[2KChrome Headless 153.0.0.0 (Mac OS 10.15.7): Executed 275 of 1464[32m SUCCESS[39m (0 secs / 1.442 secs)
[1A[2KChrome Headless 153.0.0.0 (Mac OS 10.15.7): Executed 276 of 1464[32m SUCCESS[39m (0 secs / 1.443 secs)
[1A[2KChrome Headless 153.0.0.0 (Mac OS 10.15.7): Executed 277 of 1464[32m SUCCESS[39m (0 secs / 1.444 secs)
[1A[2KChrome Headless 153.0.0.0 (Mac OS 10.15.7): Executed 278 of 1464[32m SUCCESS[39m (0 secs / 1.445 secs)
[1A[2KChrome Headless 153.0.0.0 (Mac OS 10.15.7): Executed 279 of 1464[32m SUCCESS[39m (0 secs / 1.445 secs)
[1A[2KChrome Headless 153.0.0.0 (Mac OS 10.15.7): Executed 280 of 1464[32m SUCCESS[39m (0 secs / 1.446 secs)
[1A[2KChrome Headless 153.0.0.0 (Mac OS 10.15.7): Executed 281 of 1464[32m SUCCESS[39m (0 secs / 1.448 secs)
[1A[2KChrome Headless 153.0.0.0 (Mac OS 10.15.7): Executed 282 of 1464[32m SUCCESS[39m (0 secs / 1.449 secs)
[1A[2KChrome Headless 153.0.0.0 (Mac OS 10.15.7): Executed 283 of 1464[32m SUCCESS[39m (0 secs / 1.45 secs)
[1A[2KChrome Headless 153.0.0.0 (Mac OS 10.15.7): Executed 284 of 1464[32m SUCCESS[39m (0 secs / 1.45 secs)
[1A[2KChrome Headless 153.0.0.0 (Mac OS 10.15.7): Executed 285 of 1464[32m SUCCESS[39m (0 secs / 1.452 secs)
[1A[2KChrome Headless 153.0.0.0 (Mac OS 10.15.7): Executed 286 of 1464[32m SUCCESS[39m (0 secs / 1.453 secs)
[1A[2KChrome Headless 153.0.0.0 (Mac OS 10.15.7): Executed 287 of 1464[32m SUCCESS[39m (0 secs / 1.454 secs)
[1A[2KChrome Headless 153.0.0.0 (Mac OS 10.15.7): Executed 288 of 1464[32m SUCCESS[39m (0 secs / 1.455 secs)
[1A[2KChrome Headless 153.0.0.0 (Mac OS 10.15.7): Executed 289 of 1464[32m SUCCESS[39m (0 secs / 1.459 secs)
[1A[2KChrome Headless 153.0.0.0 (Mac OS 10.15.7): Executed 290 of 1464[32m SUCCESS[39m (0 secs / 1.461 secs)
[1A[2KChrome Headless 153.0.0.0 (Mac OS 10.15.7): Executed 291 of 1464[32m SUCCESS[39m (0 secs / 1.463 secs)
[1A[2KChrome Headless 153.0.0.0 (Mac OS 10.15.7): Executed 292 of 1464[32m SUCCESS[39m (0 secs / 1.464 secs)
[1A[2KChrome Headless 153.0.0.0 (Mac OS 10.15.7): Executed 293 of 1464[32m SUCCESS[39m (0 secs / 1.465 secs)
[1A[2KChrome Headless 153.0.0.0 (Mac OS 10.15.7): Executed 294 of 1464[32m SUCCESS[39m (0 secs / 1.465 secs)
[1A[2KChrome Headless 153.0.0.0 (Mac OS 10.15.7): Executed 295 of 1464[32m SUCCESS[39m (0 secs / 1.47 secs)
[1A[2KChrome Headless 153.0.0.0 (Mac OS 10.15.7): Executed 296 of 1464[32m SUCCESS[39m (0 secs / 1.472 secs)
[1A[2KChrome Headless 153.0.0.0 (Mac OS 10.15.7): Executed 297 of 1464[32m SUCCESS[39m (0 secs / 1.48 secs)
[1A[2KChrome Headless 153.0.0.0 (Mac OS 10.15.7): Executed 298 of 1464[32m SUCCESS[39m (0 secs / 1.482 secs)
[1A[2KChrome Headless 153.0.0.0 (Mac OS 10.15.7): Executed 299 of 1464[32m SUCCESS[39m (0 secs / 1.484 secs)
[1A[2KChrome Headless 153.0.0.0 (Mac OS 10.15.7): Executed 300 of 1464[32m SUCCESS[39m (0 secs / 1.485 secs)
[1A[2KChrome Headless 153.0.0.0 (Mac OS 10.15.7): Executed 301 of 1464[32m SUCCESS[39m (0 secs / 1.486 secs)
[1A[2KChrome Headless 153.0.0.0 (Mac OS 10.15.7): Executed 302 of 1464[32m SUCCESS[39m (0 secs / 1.487 secs)
[1A[2KChrome Headless 153.0.0.0 (Mac OS 10.15.7): Executed 303 of 1464[32m SUCCESS[39m (0 secs / 1.488 secs)
[1A[2KChrome Headless 153.0.0.0 (Mac OS 10.15.7): Executed 304 of 1464[32m SUCCESS[39m (0 secs / 1.488 secs)
[1A[2KChrome Headless 153.0.0.0 (Mac OS 10.15.7): Executed 305 of 1464[32m SUCCESS[39m (0 secs / 1.489 secs)
[1A[2KChrome Headless 153.0.0.0 (Mac OS 10.15.7): Executed 306 of 1464[32m SUCCESS[39m (0 secs / 1.489 secs)
[1A[2KChrome Headless 153.0.0.0 (Mac OS 10.15.7): Executed 307 of 1464[32m SUCCESS[39m (0 secs / 1.49 secs)
[1A[2KChrome Headless 153.0.0.0 (Mac OS 10.15.7): Executed 308 of 1464[32m SUCCESS[39m (0 secs / 1.492 secs)
[1A[2KChrome Headless 153.0.0.0 (Mac OS 10.15.7): Executed 309 of 1464[32m SUCCESS[39m (0 secs / 1.493 secs)
[1A[2KChrome Headless 153.0.0.0 (Mac OS 10.15.7): Executed 310 of 1464[32m SUCCESS[39m (0 secs / 1.494 secs)
[1A[2KChrome Headless 153.0.0.0 (Mac OS 10.15.7): Executed 311 of 1464[32m SUCCESS[39m (0 secs / 1.495 secs)
[1A[2KChrome Headless 153.0.0.0 (Mac OS 10.15.7): Executed 312 of 1464[32m SUCCESS[39m (0 secs / 1.496 secs)
[1A[2KChrome Headless 153.0.0.0 (Mac OS 10.15.7): Executed 313 of 1464[32m SUCCESS[39m (0 secs / 1.498 secs)
[1A[2KChrome Headless 153.0.0.0 (Mac OS 10.15.7): Executed 314 of 1464[32m SUCCESS[39m (0 secs / 1.499 secs)
[1A[2KChrome Headless 153.0.0.0 (Mac OS 10.15.7): Executed 315 of 1464[32m SUCCESS[39m (0 secs / 1.499 secs)
[1A[2KChrome Headless 153.0.0.0 (Mac OS 10.15.7): Executed 316 of 1464[32m SUCCESS[39m (0 secs / 1.501 secs)
[1A[2KChrome Headless 153.0.0.0 (Mac OS 10.15.7): Executed 317 of 1464[32m SUCCESS[39m (0 secs / 1.504 secs)
[1A[2KChrome Headless 153.0.0.0 (Mac OS 10.15.7): Executed 318 of 1464[32m SUCCESS[39m (0 secs / 1.505 secs)
[1A[2KChrome Headless 153.0.0.0 (Mac OS 10.15.7): Executed 319 of 1464[32m SUCCESS[39m (0 secs / 1.506 secs)
[1A[2KChrome Headless 153.0.0.0 (Mac OS 10.15.7): Executed 320 of 1464[32m SUCCESS[39m (0 secs / 1.507 secs)
[1A[2KChrome Headless 153.0.0.0 (Mac OS 10.15.7): Executed 321 of 1464[32m SUCCESS[39m (0 secs / 1.507 secs)
[1A[2KChrome Headless 153.0.0.0 (Mac OS 10.15.7): Executed 322 of 1464[32m SUCCESS[39m (0 secs / 1.508 secs)
[1A[2KChrome Headless 153.0.0.0 (Mac OS 10.15.7): Executed 323 of 1464[32m SUCCESS[39m (0 secs / 1.508 secs)
[1A[2KChrome Headless 153.0.0.0 (Mac OS 10.15.7): Executed 324 of 1464[32m SUCCESS[39m (0 secs / 1.51 secs)
[1A[2KChrome Headless 153.0.0.0 (Mac OS 10.15.7): Executed 325 of 1464[32m SUCCESS[39m (0 secs / 1.511 secs)
[1A[2KChrome Headless 153.0.0.0 (Mac OS 10.15.7): Executed 326 of 1464[32m SUCCESS[39m (0 secs / 1.512 secs)
[1A[2KChrome Headless 153.0.0.0 (Mac OS 10.15.7): Executed 327 of 1464[32m SUCCESS[39m (0 secs / 1.512 secs)
[1A[2KChrome Headless 153.0.0.0 (Mac OS 10.15.7): Executed 328 of 1464[32m SUCCESS[39m (0 secs / 1.513 secs)
[1A[2KChrome Headless 153.0.0.0 (Mac OS 10.15.7): Executed 329 of 1464[32m SUCCESS[39m (0 secs / 1.513 secs)
[1A[2KChrome Headless 153.0.0.0 (Mac OS 10.15.7): Executed 330 of 1464[32m SUCCESS[39m (0 secs / 1.515 secs)
[1A[2KChrome Headless 153.0.0.0 (Mac OS 10.15.7): Executed 331 of 1464[32m SUCCESS[39m (0 secs / 1.515 secs)
[1A[2KChrome Headless 153.0.0.0 (Mac OS 10.15.7): Executed 332 of 1464[32m SUCCESS[39m (0 secs / 1.516 secs)
[1A[2KChrome Headless 153.0.0.0 (Mac OS 10.15.7): Executed 333 of 1464[32m SUCCESS[39m (0 secs / 1.517 secs)
[1A[2KChrome Headless 153.0.0.0 (Mac OS 10.15.7): Executed 334 of 1464[32m SUCCESS[39m (0 secs / 1.542 secs)
[1A[2KChrome Headless 153.0.0.0 (Mac OS 10.15.7): Executed 335 of 1464[32m SUCCESS[39m (0 secs / 1.544 secs)
[1A[2KChrome Headless 153.0.0.0 (Mac OS 10.15.7): Executed 336 of 1464[32m SUCCESS[39m (0 secs / 1.547 secs)
[1A[2KChrome Headless 153.0.0.0 (Mac OS 10.15.7): Executed 337 of 1464[32m SUCCESS[39m (0 secs / 1.551 secs)
[1A[2KChrome Headless 153.0.0.0 (Mac OS 10.15.7): Executed 338 of 1464[32m SUCCESS[39m (0 secs / 1.556 secs)
[1A[2KChrome Headless 153.0.0.0 (Mac OS 10.15.7): Executed 339 of 1464[32m SUCCESS[39m (0 secs / 1.561 secs)
[1A[2KChrome Headless 153.0.0.0 (Mac OS 10.15.7): Executed 340 of 1464[32m SUCCESS[39m (0 secs / 1.565 secs)
[1A[2KChrome Headless 153.0.0.0 (Mac OS 10.15.7): Executed 341 of 1464[32m SUCCESS[39m (0 secs / 1.566 secs)
[1A[2KChrome Headless 153.0.0.0 (Mac OS 10.15.7): Executed 342 of 1464[32m SUCCESS[39m (0 secs / 1.567 secs)
[1A[2KChrome Headless 153.0.0.0 (Mac OS 10.15.7): Executed 343 of 1464[32m SUCCESS[39m (0 secs / 1.567 secs)
[1A[2KChrome Headless 153.0.0.0 (Mac OS 10.15.7): Executed 344 of 1464[32m SUCCESS[39m (0 secs / 1.568 secs)
[1A[2KChrome Headless 153.0.0.0 (Mac OS 10.15.7): Executed 345 of 1464[32m SUCCESS[39m (0 secs / 1.572 secs)
[1A[2KChrome Headless 153.0.0.0 (Mac OS 10.15.7): Executed 346 of 1464[32m SUCCESS[39m (0 secs / 1.577 secs)
[1A[2KChrome Headless 153.0.0.0 (Mac OS 10.15.7): Executed 347 of 1464[32m SUCCESS[39m (0 secs / 1.58 secs)
[1A[2KChrome Headless 153.0.0.0 (Mac OS 10.15.7): Executed 348 of 1464[32m SUCCESS[39m (0 secs / 1.584 secs)
[1A[2KChrome Headless 153.0.0.0 (Mac OS 10.15.7): Executed 349 of 1464[32m SUCCESS[39m (0 secs / 1.589 secs)
[1A[2KChrome Headless 153.0.0.0 (Mac OS 10.15.7): Executed 350 of 1464[32m SUCCESS[39m (0 secs / 1.597 secs)
[1A[2KChrome Headless 153.0.0.0 (Mac OS 10.15.7): Executed 351 of 1464[32m SUCCESS[39m (0 secs / 1.607 secs)
[1A[2KChrome Headless 153.0.0.0 (Mac OS 10.15.7): Executed 352 of 1464[32m SUCCESS[39m (0 secs / 1.609 secs)
[1A[2KChrome Headless 153.0.0.0 (Mac OS 10.15.7): Executed 353 of 1464[32m SUCCESS[39m (0 secs / 1.614 secs)
[1A[2KChrome Headless 153.0.0.0 (Mac OS 10.15.7): Executed 354 of 1464[32m SUCCESS[39m (0 secs / 1.616 secs)
[1A[2KChrome Headless 153.0.0.0 (Mac OS 10.15.7): Executed 355 of 1464[32m SUCCESS[39m (0 secs / 1.616 secs)
[1A[2KChrome Headless 153.0.0.0 (Mac OS 10.15.7): Executed 356 of 1464[32m SUCCESS[39m (0 secs / 1.617 secs)
[1A[2KChrome Headless 153.0.0.0 (Mac OS 10.15.7): Executed 357 of 1464[32m SUCCESS[39m (0 secs / 1.617 secs)
[1A[2KChrome Headless 153.0.0.0 (Mac OS 10.15.7): Executed 358 of 1464[32m SUCCESS[39m (0 secs / 1.618 secs)
[1A[2KChrome Headless 153.0.0.0 (Mac OS 10.15.7): Executed 359 of 1464[32m SUCCESS[39m (0 secs / 1.623 secs)
[1A[2KChrome Headless 153.0.0.0 (Mac OS 10.15.7): Executed 360 of 1464[32m SUCCESS[39m (0 secs / 1.624 secs)
[1A[2KChrome Headless 153.0.0.0 (Mac OS 10.15.7): Executed 361 of 1464[32m SUCCESS[39m (0 secs / 1.626 secs)
[1A[2KChrome Headless 153.0.0.0 (Mac OS 10.15.7): Executed 362 of 1464[32m SUCCESS[39m (0 secs / 1.627 secs)
[1A[2KChrome Headless 153.0.0.0 (Mac OS 10.15.7): Executed 363 of 1464[32m SUCCESS[39m (0 secs / 1.629 secs)
[1A[2KChrome Headless 153.0.0.0 (Mac OS 10.15.7): Executed 364 of 1464[32m SUCCESS[39m (0 secs / 1.63 secs)
[1A[2KChrome Headless 153.0.0.0 (Mac OS 10.15.7): Executed 365 of 1464[32m SUCCESS[39m (0 secs / 1.63 secs)
[1A[2KChrome Headless 153.0.0.0 (Mac OS 10.15.7): Executed 366 of 1464[32m SUCCESS[39m (0 secs / 1.637 secs)
[1A[2KChrome Headless 153.0.0.0 (Mac OS 10.15.7): Executed 367 of 1464[32m SUCCESS[39m (0 secs / 1.639 secs)
[1A[2KChrome Headless 153.0.0.0 (Mac OS 10.15.7): Executed 368 of 1464[32m SUCCESS[39m (0 secs / 1.643 secs)
[1A[2KChrome Headless 153.0.0.0 (Mac OS 10.15.7): Executed 369 of 1464[32m SUCCESS[39m (0 secs / 1.645 secs)
[1A[2KChrome Headless 153.0.0.0 (Mac OS 10.15.7): Executed 370 of 1464[32m SUCCESS[39m (0 secs / 1.647 secs)
[1A[2KChrome Headless 153.0.0.0 (Mac OS 10.15.7): Executed 371 of 1464[32m SUCCESS[39m (0 secs / 1.648 secs)
[1A[2KChrome Headless 153.0.0.0 (Mac OS 10.15.7): Executed 372 of 1464[32m SUCCESS[39m (0 secs / 1.649 secs)
[1A[2KChrome Headless 153.0.0.0 (Mac OS 10.15.7): Executed 373 of 1464[32m SUCCESS[39m (0 secs / 1.656 secs)
[1A[2KChrome Headless 153.0.0.0 (Mac OS 10.15.7): Executed 374 of 1464[32m SUCCESS[39m (0 secs / 1.657 secs)
[1A[2KChrome Headless 153.0.0.0 (Mac OS 10.15.7): Executed 375 of 1464[32m SUCCESS[39m (0 secs / 1.659 secs)
[1A[2KChrome Headless 153.0.0.0 (Mac OS 10.15.7): Executed 376 of 1464[32m SUCCESS[39m (0 secs / 1.662 secs)
[1A[2KChrome Headless 153.0.0.0 (Mac OS 10.15.7): Executed 377 of 1464[32m SUCCESS[39m (0 secs / 1.663 secs)
[1A[2KChrome Headless 153.0.0.0 (Mac OS 10.15.7): Executed 378 of 1464[32m SUCCESS[39m (0 secs / 1.665 secs)
[1A[2KChrome Headless 153.0.0.0 (Mac OS 10.15.7): Executed 379 of 1464[32m SUCCESS[39m (0 secs / 1.667 secs)
[1A[2KChrome Headless 153.0.0.0 (Mac OS 10.15.7): Executed 380 of 1464[32m SUCCESS[39m (0 secs / 1.669 secs)
[1A[2KChrome Headless 153.0.0.0 (Mac OS 10.15.7): Executed 381 of 1464[32m SUCCESS[39m (0 secs / 1.671 secs)
[1A[2KChrome Headless 153.0.0.0 (Mac OS 10.15.7): Executed 382 of 1464[32m SUCCESS[39m (0 secs / 1.673 secs)
[1A[2KChrome Headless 153.0.0.0 (Mac OS 10.15.7): Executed 383 of 1464[32m SUCCESS[39m (0 secs / 1.673 secs)
[1A[2KChrome Headless 153.0.0.0 (Mac OS 10.15.7): Executed 384 of 1464[32m SUCCESS[39m (0 secs / 1.674 secs)
[1A[2KChrome Headless 153.0.0.0 (Mac OS 10.15.7): Executed 385 of 1464[32m SUCCESS[39m (0 secs / 1.675 secs)
[1A[2KChrome Headless 153.0.0.0 (Mac OS 10.15.7): Executed 386 of 1464[32m SUCCESS[39m (0 secs / 1.676 secs)
[1A[2KChrome Headless 153.0.0.0 (Mac OS 10.15.7): Executed 387 of 1464[32m SUCCESS[39m (0 secs / 1.676 secs)
[1A[2KChrome Headless 153.0.0.0 (Mac OS 10.15.7): Executed 388 of 1464[32m SUCCESS[39m (0 secs / 1.679 secs)
[1A[2KChrome Headless 153.0.0.0 (Mac OS 10.15.7): Executed 389 of 1464[32m SUCCESS[39m (0 secs / 1.68 secs)
[1A[2KChrome Headless 153.0.0.0 (Mac OS 10.15.7): Executed 390 of 1464[32m SUCCESS[39m (0 secs / 1.68 secs)
[1A[2KChrome Headless 153.0.0.0 (Mac OS 10.15.7): Executed 391 of 1464[32m SUCCESS[39m (0 secs / 1.685 secs)
[1A[2KChrome Headless 153.0.0.0 (Mac OS 10.15.7): Executed 392 of 1464[32m SUCCESS[39m (0 secs / 1.691 secs)
[1A[2KChrome Headless 153.0.0.0 (Mac OS 10.15.7): Executed 393 of 1464[32m SUCCESS[39m (0 secs / 1.725 secs)
[1A[2KChrome Headless 153.0.0.0 (Mac OS 10.15.7): Executed 394 of 1464[32m SUCCESS[39m (0 secs / 1.726 secs)
[1A[2KChrome Headless 153.0.0.0 (Mac OS 10.15.7): Executed 395 of 1464[32m SUCCESS[39m (0 secs / 1.729 secs)
[1A[2KChrome Headless 153.0.0.0 (Mac OS 10.15.7): Executed 396 of 1464[32m SUCCESS[39m (0 secs / 1.73 secs)
[1A[2KChrome Headless 153.0.0.0 (Mac OS 10.15.7): Executed 397 of 1464[32m SUCCESS[39m (0 secs / 1.737 secs)
[1A[2KChrome Headless 153.0.0.0 (Mac OS 10.15.7): Executed 398 of 1464[32m SUCCESS[39m (0 secs / 1.738 secs)
[1A[2KChrome Headless 153.0.0.0 (Mac OS 10.15.7): Executed 399 of 1464[32m SUCCESS[39m (0 secs / 1.742 secs)
[1A[2KChrome Headless 153.0.0.0 (Mac OS 10.15.7): Executed 400 of 1464[32m SUCCESS[39m (0 secs / 1.742 secs)
[1A[2KChrome Headless 153.0.0.0 (Mac OS 10.15.7): Executed 401 of 1464[32m SUCCESS[39m (0 secs / 1.743 secs)
[1A[2KChrome Headless 153.0.0.0 (Mac OS 10.15.7): Executed 402 of 1464[32m SUCCESS[39m (0 secs / 1.743 secs)
[1A[2KChrome Headless 153.0.0.0 (Mac OS 10.15.7): Executed 403 of 1464[32m SUCCESS[39m (0 secs / 1.747 secs)
[1A[2KChrome Headless 153.0.0.0 (Mac OS 10.15.7): Executed 404 of 1464[32m SUCCESS[39m (0 secs / 1.75 secs)
[1A[2KChrome Headless 153.0.0.0 (Mac OS 10.15.7): Executed 405 of 1464[32m SUCCESS[39m (0 secs / 1.751 secs)
[1A[2KChrome Headless 153.0.0.0 (Mac OS 10.15.7): Executed 406 of 1464[32m SUCCESS[39m (0 secs / 1.754 secs)
[1A[2KChrome Headless 153.0.0.0 (Mac OS 10.15.7): Executed 407 of 1464[32m SUCCESS[39m (0 secs / 1.758 secs)
[1A[2KChrome Headless 153.0.0.0 (Mac OS 10.15.7): Executed 408 of 1464[32m SUCCESS[39m (0 secs / 1.759 secs)
[1A[2KChrome Headless 153.0.0.0 (Mac OS 10.15.7): Executed 409 of 1464[32m SUCCESS[39m (0 secs / 1.759 secs)
[1A[2KChrome Headless 153.0.0.0 (Mac OS 10.15.7): Executed 410 of 1464[32m SUCCESS[39m (0 secs / 1.76 secs)
[1A[2KChrome Headless 153.0.0.0 (Mac OS 10.15.7): Executed 411 of 1464[32m SUCCESS[39m (0 secs / 1.764 secs)
[1A[2KChrome Headless 153.0.0.0 (Mac OS 10.15.7): Executed 412 of 1464[32m SUCCESS[39m (0 secs / 1.765 secs)
[1A[2KChrome Headless 153.0.0.0 (Mac OS 10.15.7): Executed 413 of 1464[32m SUCCESS[39m (0 secs / 1.765 secs)
[1A[2KChrome Headless 153.0.0.0 (Mac OS 10.15.7): Executed 414 of 1464[32m SUCCESS[39m (0 secs / 1.771 secs)
[1A[2KChrome Headless 153.0.0.0 (Mac OS 10.15.7): Executed 415 of 1464[32m SUCCESS[39m (0 secs / 1.774 secs)
[1A[2KChrome Headless 153.0.0.0 (Mac OS 10.15.7): Executed 416 of 1464[32m SUCCESS[39m (0 secs / 1.784 secs)
[1A[2KChrome Headless 153.0.0.0 (Mac OS 10.15.7): Executed 417 of 1464[32m SUCCESS[39m (0 secs / 1.785 secs)
[1A[2KChrome Headless 153.0.0.0 (Mac OS 10.15.7): Executed 418 of 1464[32m SUCCESS[39m (0 secs / 1.787 secs)
[1A[2KChrome Headless 153.0.0.0 (Mac OS 10.15.7): Executed 419 of 1464[32m SUCCESS[39m (0 secs / 1.788 secs)
[1A[2KChrome Headless 153.0.0.0 (Mac OS 10.15.7): Executed 420 of 1464[32m SUCCESS[39m (0 secs / 1.789 secs)
[1A[2KChrome Headless 153.0.0.0 (Mac OS 10.15.7): Executed 421 of 1464[32m SUCCESS[39m (0 secs / 1.789 secs)
[1A[2KChrome Headless 153.0.0.0 (Mac OS 10.15.7): Executed 422 of 1464[32m SUCCESS[39m (0 secs / 1.79 secs)
[1A[2KChrome Headless 153.0.0.0 (Mac OS 10.15.7): Executed 423 of 1464[32m SUCCESS[39m (0 secs / 1.791 secs)
[1A[2KChrome Headless 153.0.0.0 (Mac OS 10.15.7): Executed 424 of 1464[32m SUCCESS[39m (0 secs / 1.797 secs)
[1A[2KChrome Headless 153.0.0.0 (Mac OS 10.15.7): Executed 425 of 1464[32m SUCCESS[39m (0 secs / 1.799 secs)
[1A[2KChrome Headless 153.0.0.0 (Mac OS 10.15.7): Executed 426 of 1464[32m SUCCESS[39m (0 secs / 1.799 secs)
[1A[2KChrome Headless 153.0.0.0 (Mac OS 10.15.7): Executed 427 of 1464[32m SUCCESS[39m (0 secs / 1.8 secs)
[1A[2KChrome Headless 153.0.0.0 (Mac OS 10.15.7): Executed 428 of 1464[32m SUCCESS[39m (0 secs / 1.801 secs)
[1A[2KChrome Headless 153.0.0.0 (Mac OS 10.15.7): Executed 429 of 1464[32m SUCCESS[39m (0 secs / 1.802 secs)
[1A[2KChrome Headless 153.0.0.0 (Mac OS 10.15.7): Executed 430 of 1464[32m SUCCESS[39m (0 secs / 1.802 secs)
[1A[2KChrome Headless 153.0.0.0 (Mac OS 10.15.7): Executed 431 of 1464[32m SUCCESS[39m (0 secs / 1.803 secs)
[1A[2KChrome Headless 153.0.0.0 (Mac OS 10.15.7): Executed 432 of 1464[32m SUCCESS[39m (0 secs / 1.803 secs)
[1A[2KChrome Headless 153.0.0.0 (Mac OS 10.15.7): Executed 433 of 1464[32m SUCCESS[39m (0 secs / 1.804 secs)
[1A[2KChrome Headless 153.0.0.0 (Mac OS 10.15.7): Executed 434 of 1464[32m SUCCESS[39m (0 secs / 1.809 secs)
[1A[2KChrome Headless 153.0.0.0 (Mac OS 10.15.7): Executed 435 of 1464[32m SUCCESS[39m (0 secs / 1.809 secs)
[1A[2KChrome Headless 153.0.0.0 (Mac OS 10.15.7): Executed 436 of 1464[32m SUCCESS[39m (0 secs / 1.81 secs)
[1A[2KChrome Headless 153.0.0.0 (Mac OS 10.15.7): Executed 437 of 1464[32m SUCCESS[39m (0 secs / 1.811 secs)
[1A[2KChrome Headless 153.0.0.0 (Mac OS 10.15.7): Executed 438 of 1464[32m SUCCESS[39m (0 secs / 1.811 secs)
[1A[2KChrome Headless 153.0.0.0 (Mac OS 10.15.7): Executed 439 of 1464[32m SUCCESS[39m (0 secs / 1.812 secs)
[1A[2KChrome Headless 153.0.0.0 (Mac OS 10.15.7): Executed 440 of 1464[32m SUCCESS[39m (0 secs / 1.812 secs)
[1A[2KChrome Headless 153.0.0.0 (Mac OS 10.15.7): Executed 441 of 1464[32m SUCCESS[39m (0 secs / 1.813 secs)
[1A[2KChrome Headless 153.0.0.0 (Mac OS 10.15.7): Executed 442 of 1464[32m SUCCESS[39m (0 secs / 1.814 secs)
[1A[2KChrome Headless 153.0.0.0 (Mac OS 10.15.7): Executed 443 of 1464[32m SUCCESS[39m (0 secs / 1.814 secs)
[1A[2KChrome Headless 153.0.0.0 (Mac OS 10.15.7): Executed 444 of 1464[32m SUCCESS[39m (0 secs / 1.818 secs)
[1A[2KChrome Headless 153.0.0.0 (Mac OS 10.15.7): Executed 445 of 1464[32m SUCCESS[39m (0 secs / 1.818 secs)
[1A[2KChrome Headless 153.0.0.0 (Mac OS 10.15.7): Executed 446 of 1464[32m SUCCESS[39m (0 secs / 1.819 secs)
[1A[2KChrome Headless 153.0.0.0 (Mac OS 10.15.7): Executed 447 of 1464[32m SUCCESS[39m (0 secs / 1.82 secs)
[1A[2KChrome Headless 153.0.0.0 (Mac OS 10.15.7): Executed 448 of 1464[32m SUCCESS[39m (0 secs / 1.821 secs)
[1A[2KChrome Headless 153.0.0.0 (Mac OS 10.15.7): Executed 449 of 1464[32m SUCCESS[39m (0 secs / 1.823 secs)
[1A[2KChrome Headless 153.0.0.0 (Mac OS 10.15.7): Executed 450 of 1464[32m SUCCESS[39m (0 secs / 1.825 secs)
[1A[2KChrome Headless 153.0.0.0 (Mac OS 10.15.7): Executed 451 of 1464[32m SUCCESS[39m (0 secs / 1.826 secs)
[1A[2KChrome Headless 153.0.0.0 (Mac OS 10.15.7): Executed 452 of 1464[32m SUCCESS[39m (0 secs / 1.826 secs)
[1A[2KChrome Headless 153.0.0.0 (Mac OS 10.15.7): Executed 453 of 1464[32m SUCCESS[39m (0 secs / 1.827 secs)
[1A[2KChrome Headless 153.0.0.0 (Mac OS 10.15.7): Executed 454 of 1464[32m SUCCESS[39m (0 secs / 1.833 secs)
[1A[2KChrome Headless 153.0.0.0 (Mac OS 10.15.7): Executed 455 of 1464[32m SUCCESS[39m (0 secs / 1.835 secs)
[1A[2KChrome Headless 153.0.0.0 (Mac OS 10.15.7): Executed 456 of 1464[32m SUCCESS[39m (0 secs / 1.853 secs)
[1A[2KChrome Headless 153.0.0.0 (Mac OS 10.15.7): Executed 457 of 1464[32m SUCCESS[39m (0 secs / 1.856 secs)
[1A[2KChrome Headless 153.0.0.0 (Mac OS 10.15.7): Executed 458 of 1464[32m SUCCESS[39m (0 secs / 1.857 secs)
[1A[2KChrome Headless 153.0.0.0 (Mac OS 10.15.7): Executed 459 of 1464[32m SUCCESS[39m (0 secs / 1.859 secs)
[1A[2KChrome Headless 153.0.0.0 (Mac OS 10.15.7): Executed 460 of 1464[32m SUCCESS[39m (0 secs / 1.861 secs)
[1A[2KChrome Headless 153.0.0.0 (Mac OS 10.15.7): Executed 461 of 1464[32m SUCCESS[39m (0 secs / 1.862 secs)
[1A[2KChrome Headless 153.0.0.0 (Mac OS 10.15.7): Executed 462 of 1464[32m SUCCESS[39m (0 secs / 1.863 secs)
[1A[2KChrome Headless 153.0.0.0 (Mac OS 10.15.7): Executed 463 of 1464[32m SUCCESS[39m (0 secs / 1.867 secs)
[1A[2KChrome Headless 153.0.0.0 (Mac OS 10.15.7): Executed 464 of 1464[32m SUCCESS[39m (0 secs / 1.869 secs)
[1A[2KChrome Headless 153.0.0.0 (Mac OS 10.15.7): Executed 465 of 1464[32m SUCCESS[39m (0 secs / 1.869 secs)
[1A[2KChrome Headless 153.0.0.0 (Mac OS 10.15.7): Executed 466 of 1464[32m SUCCESS[39m (0 secs / 1.871 secs)
[1A[2KChrome Headless 153.0.0.0 (Mac OS 10.15.7): Executed 467 of 1464[32m SUCCESS[39m (0 secs / 1.872 secs)
[1A[2KChrome Headless 153.0.0.0 (Mac OS 10.15.7): Executed 468 of 1464[32m SUCCESS[39m (0 secs / 1.874 secs)
[1A[2KChrome Headless 153.0.0.0 (Mac OS 10.15.7): Executed 469 of 1464[32m SUCCESS[39m (0 secs / 1.874 secs)
[1A[2KChrome Headless 153.0.0.0 (Mac OS 10.15.7): Executed 470 of 1464[32m SUCCESS[39m (0 secs / 1.876 secs)
[1A[2KChrome Headless 153.0.0.0 (Mac OS 10.15.7): Executed 471 of 1464[32m SUCCESS[39m (0 secs / 1.879 secs)
[1A[2KChrome Headless 153.0.0.0 (Mac OS 10.15.7): Executed 472 of 1464[32m SUCCESS[39m (0 secs / 1.879 secs)
[1A[2KChrome Headless 153.0.0.0 (Mac OS 10.15.7): Executed 473 of 1464[32m SUCCESS[39m (0 secs / 1.881 secs)
[1A[2KChrome Headless 153.0.0.0 (Mac OS 10.15.7): Executed 474 of 1464[32m SUCCESS[39m (0 secs / 1.882 secs)
[1A[2KChrome Headless 153.0.0.0 (Mac OS 10.15.7): Executed 475 of 1464[32m SUCCESS[39m (0 secs / 1.883 secs)
[1A[2KChrome Headless 153.0.0.0 (Mac OS 10.15.7): Executed 476 of 1464[32m SUCCESS[39m (0 secs / 1.889 secs)
[1A[2KChrome Headless 153.0.0.0 (Mac OS 10.15.7): Executed 477 of 1464[32m SUCCESS[39m (0 secs / 1.891 secs)
[1A[2KChrome Headless 153.0.0.0 (Mac OS 10.15.7): Executed 478 of 1464[32m SUCCESS[39m (0 secs / 1.891 secs)
[1A[2KChrome Headless 153.0.0.0 (Mac OS 10.15.7): Executed 479 of 1464[32m SUCCESS[39m (0 secs / 1.892 secs)
[1A[2KChrome Headless 153.0.0.0 (Mac OS 10.15.7): Executed 480 of 1464[32m SUCCESS[39m (0 secs / 1.892 secs)
[1A[2KChrome Headless 153.0.0.0 (Mac OS 10.15.7): Executed 481 of 1464[32m SUCCESS[39m (0 secs / 1.893 secs)
[1A[2KChrome Headless 153.0.0.0 (Mac OS 10.15.7): Executed 482 of 1464[32m SUCCESS[39m (0 secs / 1.894 secs)
[1A[2KChrome Headless 153.0.0.0 (Mac OS 10.15.7): Executed 483 of 1464[32m SUCCESS[39m (0 secs / 1.895 secs)
[1A[2KChrome Headless 153.0.0.0 (Mac OS 10.15.7): Executed 484 of 1464[32m SUCCESS[39m (0 secs / 1.896 secs)
[1A[2KChrome Headless 153.0.0.0 (Mac OS 10.15.7): Executed 485 of 1464[32m SUCCESS[39m (0 secs / 1.896 secs)
[1A[2KChrome Headless 153.0.0.0 (Mac OS 10.15.7): Executed 486 of 1464[32m SUCCESS[39m (0 secs / 1.897 secs)
[1A[2KChrome Headless 153.0.0.0 (Mac OS 10.15.7): Executed 487 of 1464[32m SUCCESS[39m (0 secs / 1.899 secs)
[1A[2KChrome Headless 153.0.0.0 (Mac OS 10.15.7): Executed 488 of 1464[32m SUCCESS[39m (0 secs / 1.899 secs)
[1A[2KChrome Headless 153.0.0.0 (Mac OS 10.15.7): Executed 489 of 1464[32m SUCCESS[39m (0 secs / 1.901 secs)
[1A[2KChrome Headless 153.0.0.0 (Mac OS 10.15.7): Executed 490 of 1464[32m SUCCESS[39m (0 secs / 1.902 secs)
[1A[2KChrome Headless 153.0.0.0 (Mac OS 10.15.7): Executed 491 of 1464[32m SUCCESS[39m (0 secs / 1.903 secs)
[1A[2KChrome Headless 153.0.0.0 (Mac OS 10.15.7): Executed 492 of 1464[32m SUCCESS[39m (0 secs / 1.904 secs)
[1A[2KChrome Headless 153.0.0.0 (Mac OS 10.15.7): Executed 493 of 1464[32m SUCCESS[39m (0 secs / 1.904 secs)
[1A[2KChrome Headless 153.0.0.0 (Mac OS 10.15.7): Executed 494 of 1464[32m SUCCESS[39m (0 secs / 1.905 secs)
[1A[2KChrome Headless 153.0.0.0 (Mac OS 10.15.7): Executed 495 of 1464[32m SUCCESS[39m (0 secs / 1.906 secs)
[1A[2KChrome Headless 153.0.0.0 (Mac OS 10.15.7): Executed 496 of 1464[32m SUCCESS[39m (0 secs / 1.906 secs)
[1A[2KChrome Headless 153.0.0.0 (Mac OS 10.15.7): Executed 497 of 1464[32m SUCCESS[39m (0 secs / 1.907 secs)
[1A[2KChrome Headless 153.0.0.0 (Mac OS 10.15.7): Executed 498 of 1464[32m SUCCESS[39m (0 secs / 1.908 secs)
[1A[2KChrome Headless 153.0.0.0 (Mac OS 10.15.7): Executed 499 of 1464[32m SUCCESS[39m (0 secs / 1.908 secs)
[1A[2KChrome Headless 153.0.0.0 (Mac OS 10.15.7): Executed 500 of 1464[32m SUCCESS[39m (0 secs / 1.909 secs)
[1A[2KChrome Headless 153.0.0.0 (Mac OS 10.15.7): Executed 501 of 1464[32m SUCCESS[39m (0 secs / 1.91 secs)
[1A[2KChrome Headless 153.0.0.0 (Mac OS 10.15.7): Executed 502 of 1464[32m SUCCESS[39m (0 secs / 1.911 secs)
[1A[2KChrome Headless 153.0.0.0 (Mac OS 10.15.7): Executed 503 of 1464[32m SUCCESS[39m (0 secs / 1.912 secs)
[1A[2KChrome Headless 153.0.0.0 (Mac OS 10.15.7): Executed 504 of 1464[32m SUCCESS[39m (0 secs / 1.914 secs)
[1A[2KChrome Headless 153.0.0.0 (Mac OS 10.15.7): Executed 505 of 1464[32m SUCCESS[39m (0 secs / 1.918 secs)
[1A[2KChrome Headless 153.0.0.0 (Mac OS 10.15.7): Executed 506 of 1464[32m SUCCESS[39m (0 secs / 1.919 secs)
[1A[2KChrome Headless 153.0.0.0 (Mac OS 10.15.7): Executed 507 of 1464[32m SUCCESS[39m (0 secs / 1.921 secs)
[1A[2KChrome Headless 153.0.0.0 (Mac OS 10.15.7): Executed 508 of 1464[32m SUCCESS[39m (0 secs / 1.922 secs)
[1A[2KChrome Headless 153.0.0.0 (Mac OS 10.15.7): Executed 509 of 1464[32m SUCCESS[39m (0 secs / 1.925 secs)
[1A[2KChrome Headless 153.0.0.0 (Mac OS 10.15.7): Executed 510 of 1464[32m SUCCESS[39m (0 secs / 1.925 secs)
[1A[2KChrome Headless 153.0.0.0 (Mac OS 10.15.7): Executed 511 of 1464[32m SUCCESS[39m (0 secs / 1.927 secs)
[1A[2KChrome Headless 153.0.0.0 (Mac OS 10.15.7): Executed 512 of 1464[32m SUCCESS[39m (0 secs / 1.927 secs)
[1A[2KChrome Headless 153.0.0.0 (Mac OS 10.15.7): Executed 513 of 1464[32m SUCCESS[39m (0 secs / 1.928 secs)
[1A[2KChrome Headless 153.0.0.0 (Mac OS 10.15.7): Executed 514 of 1464[32m SUCCESS[39m (0 secs / 1.928 secs)
[1A[2KChrome Headless 153.0.0.0 (Mac OS 10.15.7): Executed 515 of 1464[32m SUCCESS[39m (0 secs / 1.929 secs)
[1A[2KChrome Headless 153.0.0.0 (Mac OS 10.15.7): Executed 516 of 1464[32m SUCCESS[39m (0 secs / 1.929 secs)
[1A[2KChrome Headless 153.0.0.0 (Mac OS 10.15.7): Executed 517 of 1464[32m SUCCESS[39m (0 secs / 1.93 secs)
[1A[2KChrome Headless 153.0.0.0 (Mac OS 10.15.7): Executed 518 of 1464[32m SUCCESS[39m (0 secs / 1.93 secs)
[1A[2KChrome Headless 153.0.0.0 (Mac OS 10.15.7): Executed 519 of 1464[32m SUCCESS[39m (0 secs / 1.93 secs)
[1A[2KChrome Headless 153.0.0.0 (Mac OS 10.15.7): Executed 520 of 1464[32m SUCCESS[39m (0 secs / 1.931 secs)
[1A[2KChrome Headless 153.0.0.0 (Mac OS 10.15.7): Executed 521 of 1464[32m SUCCESS[39m (0 secs / 1.933 secs)
[1A[2KChrome Headless 153.0.0.0 (Mac OS 10.15.7): Executed 522 of 1464[32m SUCCESS[39m (0 secs / 1.933 secs)
[1A[2KChrome Headless 153.0.0.0 (Mac OS 10.15.7): Executed 523 of 1464[32m SUCCESS[39m (0 secs / 1.933 secs)
[1A[2KChrome Headless 153.0.0.0 (Mac OS 10.15.7): Executed 524 of 1464[32m SUCCESS[39m (0 secs / 1.934 secs)
[1A[2KChrome Headless 153.0.0.0 (Mac OS 10.15.7): Executed 525 of 1464[32m SUCCESS[39m (0 secs / 1.934 secs)
[1A[2KChrome Headless 153.0.0.0 (Mac OS 10.15.7): Executed 526 of 1464[32m SUCCESS[39m (0 secs / 1.936 secs)
[1A[2KChrome Headless 153.0.0.0 (Mac OS 10.15.7): Executed 527 of 1464[32m SUCCESS[39m (0 secs / 1.937 secs)
[1A[2KChrome Headless 153.0.0.0 (Mac OS 10.15.7): Executed 528 of 1464[32m SUCCESS[39m (0 secs / 1.94 secs)
[1A[2KChrome Headless 153.0.0.0 (Mac OS 10.15.7): Executed 529 of 1464[32m SUCCESS[39m (0 secs / 1.94 secs)
[1A[2KChrome Headless 153.0.0.0 (Mac OS 10.15.7): Executed 530 of 1464[32m SUCCESS[39m (0 secs / 1.941 secs)
[1A[2KChrome Headless 153.0.0.0 (Mac OS 10.15.7): Executed 531 of 1464[32m SUCCESS[39m (0 secs / 1.941 secs)
[1A[2KChrome Headless 153.0.0.0 (Mac OS 10.15.7): Executed 532 of 1464[32m SUCCESS[39m (0 secs / 1.943 secs)
[1A[2KChrome Headless 153.0.0.0 (Mac OS 10.15.7): Executed 533 of 1464[32m SUCCESS[39m (0 secs / 1.943 secs)
[1A[2KChrome Headless 153.0.0.0 (Mac OS 10.15.7): Executed 534 of 1464[32m SUCCESS[39m (0 secs / 1.944 secs)
[1A[2KChrome Headless 153.0.0.0 (Mac OS 10.15.7): Executed 535 of 1464[32m SUCCESS[39m (0 secs / 1.948 secs)
[1A[2KChrome Headless 153.0.0.0 (Mac OS 10.15.7): Executed 536 of 1464[32m SUCCESS[39m (0 secs / 1.951 secs)
[1A[2KChrome Headless 153.0.0.0 (Mac OS 10.15.7): Executed 537 of 1464[32m SUCCESS[39m (0 secs / 1.953 secs)
[1A[2KChrome Headless 153.0.0.0 (Mac OS 10.15.7): Executed 538 of 1464[32m SUCCESS[39m (0 secs / 1.955 secs)
[1A[2KChrome Headless 153.0.0.0 (Mac OS 10.15.7): Executed 539 of 1464[32m SUCCESS[39m (0 secs / 1.955 secs)
[1A[2KChrome Headless 153.0.0.0 (Mac OS 10.15.7): Executed 540 of 1464[32m SUCCESS[39m (0 secs / 1.956 secs)
[1A[2KChrome Headless 153.0.0.0 (Mac OS 10.15.7): Executed 541 of 1464[32m SUCCESS[39m (0 secs / 1.957 secs)
[1A[2KChrome Headless 153.0.0.0 (Mac OS 10.15.7): Executed 542 of 1464[32m SUCCESS[39m (0 secs / 1.958 secs)
[1A[2KChrome Headless 153.0.0.0 (Mac OS 10.15.7): Executed 543 of 1464[32m SUCCESS[39m (0 secs / 1.959 secs)
[1A[2KChrome Headless 153.0.0.0 (Mac OS 10.15.7): Executed 544 of 1464[32m SUCCESS[39m (0 secs / 1.964 secs)
[1A[2KChrome Headless 153.0.0.0 (Mac OS 10.15.7): Executed 545 of 1464[32m SUCCESS[39m (0 secs / 1.967 secs)
[1A[2KChrome Headless 153.0.0.0 (Mac OS 10.15.7): Executed 546 of 1464[32m SUCCESS[39m (0 secs / 1.973 secs)
[1A[2KChrome Headless 153.0.0.0 (Mac OS 10.15.7): Executed 547 of 1464[32m SUCCESS[39m (0 secs / 1.974 secs)
[1A[2KChrome Headless 153.0.0.0 (Mac OS 10.15.7): Executed 548 of 1464[32m SUCCESS[39m (0 secs / 1.977 secs)
[1A[2KChrome Headless 153.0.0.0 (Mac OS 10.15.7): Executed 549 of 1464[32m SUCCESS[39m (0 secs / 1.979 secs)
[1A[2KChrome Headless 153.0.0.0 (Mac OS 10.15.7): Executed 550 of 1464[32m SUCCESS[39m (0 secs / 1.982 secs)
[1A[2KChrome Headless 153.0.0.0 (Mac OS 10.15.7): Executed 551 of 1464[32m SUCCESS[39m (0 secs / 1.983 secs)
[1A[2KChrome Headless 153.0.0.0 (Mac OS 10.15.7): Executed 552 of 1464[32m SUCCESS[39m (0 secs / 1.984 secs)
[1A[2KChrome Headless 153.0.0.0 (Mac OS 10.15.7): Executed 553 of 1464[32m SUCCESS[39m (0 secs / 1.984 secs)
[1A[2KChrome Headless 153.0.0.0 (Mac OS 10.15.7): Executed 554 of 1464[32m SUCCESS[39m (0 secs / 1.989 secs)
[1A[2KChrome Headless 153.0.0.0 (Mac OS 10.15.7): Executed 555 of 1464[32m SUCCESS[39m (0 secs / 1.992 secs)
[1A[2KChrome Headless 153.0.0.0 (Mac OS 10.15.7): Executed 556 of 1464[32m SUCCESS[39m (0 secs / 1.992 secs)
[1A[2KChrome Headless 153.0.0.0 (Mac OS 10.15.7): Executed 557 of 1464[32m SUCCESS[39m (0 secs / 1.993 secs)
[1A[2KChrome Headless 153.0.0.0 (Mac OS 10.15.7): Executed 558 of 1464[32m SUCCESS[39m (0 secs / 1.994 secs)
[1A[2KChrome Headless 153.0.0.0 (Mac OS 10.15.7): Executed 559 of 1464[32m SUCCESS[39m (0 secs / 1.995 secs)
[1A[2KChrome Headless 153.0.0.0 (Mac OS 10.15.7): Executed 560 of 1464[32m SUCCESS[39m (0 secs / 1.995 secs)
[1A[2KChrome Headless 153.0.0.0 (Mac OS 10.15.7): Executed 561 of 1464[32m SUCCESS[39m (0 secs / 2 secs)
[1A[2KChrome Headless 153.0.0.0 (Mac OS 10.15.7): Executed 562 of 1464[32m SUCCESS[39m (0 secs / 2.001 secs)
[1A[2KChrome Headless 153.0.0.0 (Mac OS 10.15.7): Executed 563 of 1464[32m SUCCESS[39m (0 secs / 2.002 secs)
[1A[2KChrome Headless 153.0.0.0 (Mac OS 10.15.7): Executed 564 of 1464[32m SUCCESS[39m (0 secs / 2.003 secs)
[1A[2KChrome Headless 153.0.0.0 (Mac OS 10.15.7): Executed 565 of 1464[32m SUCCESS[39m (0 secs / 2.004 secs)
[1A[2KChrome Headless 153.0.0.0 (Mac OS 10.15.7): Executed 566 of 1464[32m SUCCESS[39m (0 secs / 2.004 secs)
[1A[2KChrome Headless 153.0.0.0 (Mac OS 10.15.7): Executed 567 of 1464[32m SUCCESS[39m (0 secs / 2.005 secs)
[1A[2KChrome Headless 153.0.0.0 (Mac OS 10.15.7): Executed 568 of 1464[32m SUCCESS[39m (0 secs / 2.006 secs)
[1A[2KChrome Headless 153.0.0.0 (Mac OS 10.15.7): Executed 569 of 1464[32m SUCCESS[39m (0 secs / 2.008 secs)
[1A[2KChrome Headless 153.0.0.0 (Mac OS 10.15.7): Executed 570 of 1464[32m SUCCESS[39m (0 secs / 2.008 secs)
[1A[2KChrome Headless 153.0.0.0 (Mac OS 10.15.7): Executed 571 of 1464[32m SUCCESS[39m (0 secs / 2.009 secs)
[1A[2KChrome Headless 153.0.0.0 (Mac OS 10.15.7): Executed 572 of 1464[32m SUCCESS[39m (0 secs / 2.018 secs)
[1A[2KChrome Headless 153.0.0.0 (Mac OS 10.15.7): Executed 573 of 1464[32m SUCCESS[39m (0 secs / 2.018 secs)
[1A[2KChrome Headless 153.0.0.0 (Mac OS 10.15.7): Executed 574 of 1464[32m SUCCESS[39m (0 secs / 2.019 secs)
[1A[2KChrome Headless 153.0.0.0 (Mac OS 10.15.7): Executed 575 of 1464[32m SUCCESS[39m (0 secs / 2.021 secs)
[1A[2KChrome Headless 153.0.0.0 (Mac OS 10.15.7): Executed 576 of 1464[32m SUCCESS[39m (0 secs / 2.021 secs)
[1A[2KChrome Headless 153.0.0.0 (Mac OS 10.15.7): Executed 577 of 1464[32m SUCCESS[39m (0 secs / 2.028 secs)
[1A[2KChrome Headless 153.0.0.0 (Mac OS 10.15.7): Executed 578 of 1464[32m SUCCESS[39m (0 secs / 2.028 secs)
[1A[2KChrome Headless 153.0.0.0 (Mac OS 10.15.7): Executed 579 of 1464[32m SUCCESS[39m (0 secs / 2.029 secs)
[1A[2KChrome Headless 153.0.0.0 (Mac OS 10.15.7): Executed 580 of 1464[32m SUCCESS[39m (0 secs / 2.029 secs)
[1A[2KChrome Headless 153.0.0.0 (Mac OS 10.15.7): Executed 581 of 1464[32m SUCCESS[39m (0 secs / 2.03 secs)
[1A[2KChrome Headless 153.0.0.0 (Mac OS 10.15.7): Executed 582 of 1464[32m SUCCESS[39m (0 secs / 2.03 secs)
[1A[2KChrome Headless 153.0.0.0 (Mac OS 10.15.7): Executed 583 of 1464[32m SUCCESS[39m (0 secs / 2.031 secs)
[1A[2KChrome Headless 153.0.0.0 (Mac OS 10.15.7): Executed 584 of 1464[32m SUCCESS[39m (0 secs / 2.031 secs)
[1A[2KChrome Headless 153.0.0.0 (Mac OS 10.15.7): Executed 585 of 1464[32m SUCCESS[39m (0 secs / 2.031 secs)
[1A[2KChrome Headless 153.0.0.0 (Mac OS 10.15.7): Executed 586 of 1464[32m SUCCESS[39m (0 secs / 2.033 secs)
[1A[2KChrome Headless 153.0.0.0 (Mac OS 10.15.7): Executed 587 of 1464[32m SUCCESS[39m (0 secs / 2.034 secs)
[1A[2KChrome Headless 153.0.0.0 (Mac OS 10.15.7): Executed 588 of 1464[32m SUCCESS[39m (0 secs / 2.034 secs)
[1A[2KChrome Headless 153.0.0.0 (Mac OS 10.15.7): Executed 589 of 1464[32m SUCCESS[39m (0 secs / 2.035 secs)
[1A[2KChrome Headless 153.0.0.0 (Mac OS 10.15.7): Executed 590 of 1464[32m SUCCESS[39m (0 secs / 2.036 secs)
[1A[2KChrome Headless 153.0.0.0 (Mac OS 10.15.7): Executed 591 of 1464[32m SUCCESS[39m (0 secs / 2.036 secs)
[1A[2KChrome Headless 153.0.0.0 (Mac OS 10.15.7): Executed 592 of 1464[32m SUCCESS[39m (0 secs / 2.037 secs)
[1A[2KChrome Headless 153.0.0.0 (Mac OS 10.15.7): Executed 593 of 1464[32m SUCCESS[39m (0 secs / 2.037 secs)
[1A[2KChrome Headless 153.0.0.0 (Mac OS 10.15.7): Executed 594 of 1464[32m SUCCESS[39m (0 secs / 2.042 secs)
[1A[2KChrome Headless 153.0.0.0 (Mac OS 10.15.7): Executed 595 of 1464[32m SUCCESS[39m (0 secs / 2.047 secs)
[1A[2KChrome Headless 153.0.0.0 (Mac OS 10.15.7): Executed 596 of 1464[32m SUCCESS[39m (0 secs / 2.057 secs)
[1A[2KChrome Headless 153.0.0.0 (Mac OS 10.15.7): Executed 597 of 1464[32m SUCCESS[39m (0 secs / 2.058 secs)
[1A[2KChrome Headless 153.0.0.0 (Mac OS 10.15.7): Executed 598 of 1464[32m SUCCESS[39m (0 secs / 2.058 secs)
[1A[2KChrome Headless 153.0.0.0 (Mac OS 10.15.7): Executed 599 of 1464[32m SUCCESS[39m (0 secs / 2.059 secs)
[1A[2KChrome Headless 153.0.0.0 (Mac OS 10.15.7): Executed 600 of 1464[32m SUCCESS[39m (0 secs / 2.059 secs)
[1A[2KChrome Headless 153.0.0.0 (Mac OS 10.15.7): Executed 601 of 1464[32m SUCCESS[39m (0 secs / 2.065 secs)
[1A[2KChrome Headless 153.0.0.0 (Mac OS 10.15.7): Executed 602 of 1464[32m SUCCESS[39m (0 secs / 2.065 secs)
[1A[2KChrome Headless 153.0.0.0 (Mac OS 10.15.7): Executed 603 of 1464[32m SUCCESS[39m (0 secs / 2.066 secs)
[1A[2KChrome Headless 153.0.0.0 (Mac OS 10.15.7): Executed 604 of 1464[32m SUCCESS[39m (0 secs / 2.067 secs)
[1A[2KChrome Headless 153.0.0.0 (Mac OS 10.15.7): Executed 605 of 1464[32m SUCCESS[39m (0 secs / 2.068 secs)
[1A[2KChrome Headless 153.0.0.0 (Mac OS 10.15.7): Executed 606 of 1464[32m SUCCESS[39m (0 secs / 2.072 secs)
[1A[2KChrome Headless 153.0.0.0 (Mac OS 10.15.7): Executed 607 of 1464[32m SUCCESS[39m (0 secs / 2.076 secs)
[1A[2KChrome Headless 153.0.0.0 (Mac OS 10.15.7): Executed 608 of 1464[32m SUCCESS[39m (0 secs / 2.077 secs)
[1A[2KChrome Headless 153.0.0.0 (Mac OS 10.15.7): Executed 609 of 1464[32m SUCCESS[39m (0 secs / 2.081 secs)
[1A[2KChrome Headless 153.0.0.0 (Mac OS 10.15.7): Executed 610 of 1464[32m SUCCESS[39m (0 secs / 2.084 secs)
[1A[2KChrome Headless 153.0.0.0 (Mac OS 10.15.7): Executed 611 of 1464[32m SUCCESS[39m (0 secs / 2.084 secs)
[1A[2KChrome Headless 153.0.0.0 (Mac OS 10.15.7): Executed 612 of 1464[32m SUCCESS[39m (0 secs / 2.085 secs)
[1A[2KChrome Headless 153.0.0.0 (Mac OS 10.15.7): Executed 613 of 1464[32m SUCCESS[39m (0 secs / 2.085 secs)
[1A[2KChrome Headless 153.0.0.0 (Mac OS 10.15.7): Executed 614 of 1464[32m SUCCESS[39m (0 secs / 2.087 secs)
[1A[2KChrome Headless 153.0.0.0 (Mac OS 10.15.7): Executed 615 of 1464[32m SUCCESS[39m (0 secs / 2.088 secs)
[1A[2KChrome Headless 153.0.0.0 (Mac OS 10.15.7): Executed 616 of 1464[32m SUCCESS[39m (0 secs / 2.092 secs)
[1A[2KChrome Headless 153.0.0.0 (Mac OS 10.15.7): Executed 617 of 1464[32m SUCCESS[39m (0 secs / 2.095 secs)
[1A[2KChrome Headless 153.0.0.0 (Mac OS 10.15.7): Executed 618 of 1464[32m SUCCESS[39m (0 secs / 2.095 secs)
[1A[2KChrome Headless 153.0.0.0 (Mac OS 10.15.7): Executed 619 of 1464[32m SUCCESS[39m (0 secs / 2.097 secs)
[1A[2KChrome Headless 153.0.0.0 (Mac OS 10.15.7): Executed 620 of 1464[32m SUCCESS[39m (0 secs / 2.097 secs)
[1A[2KChrome Headless 153.0.0.0 (Mac OS 10.15.7): Executed 621 of 1464[32m SUCCESS[39m (0 secs / 2.098 secs)
[1A[2KChrome Headless 153.0.0.0 (Mac OS 10.15.7): Executed 622 of 1464[32m SUCCESS[39m (0 secs / 2.099 secs)
[1A[2KChrome Headless 153.0.0.0 (Mac OS 10.15.7): Executed 623 of 1464[32m SUCCESS[39m (0 secs / 2.1 secs)
[1A[2KChrome Headless 153.0.0.0 (Mac OS 10.15.7): Executed 624 of 1464[32m SUCCESS[39m (0 secs / 2.101 secs)
[1A[2KChrome Headless 153.0.0.0 (Mac OS 10.15.7): Executed 625 of 1464[32m SUCCESS[39m (0 secs / 2.101 secs)
[1A[2KChrome Headless 153.0.0.0 (Mac OS 10.15.7): Executed 626 of 1464[32m SUCCESS[39m (0 secs / 2.102 secs)
[1A[2KChrome Headless 153.0.0.0 (Mac OS 10.15.7): Executed 627 of 1464[32m SUCCESS[39m (0 secs / 2.106 secs)
[1A[2KChrome Headless 153.0.0.0 (Mac OS 10.15.7): Executed 628 of 1464[32m SUCCESS[39m (0 secs / 2.107 secs)
[1A[2KChrome Headless 153.0.0.0 (Mac OS 10.15.7): Executed 629 of 1464[32m SUCCESS[39m (0 secs / 2.107 secs)
[1A[2KChrome Headless 153.0.0.0 (Mac OS 10.15.7): Executed 630 of 1464[32m SUCCESS[39m (0 secs / 2.107 secs)
[1A[2KChrome Headless 153.0.0.0 (Mac OS 10.15.7): Executed 631 of 1464[32m SUCCESS[39m (0 secs / 2.11 secs)
[1A[2KChrome Headless 153.0.0.0 (Mac OS 10.15.7): Executed 632 of 1464[32m SUCCESS[39m (0 secs / 2.11 secs)
[1A[2KChrome Headless 153.0.0.0 (Mac OS 10.15.7): Executed 633 of 1464[32m SUCCESS[39m (0 secs / 2.111 secs)
[1A[2KChrome Headless 153.0.0.0 (Mac OS 10.15.7): Executed 634 of 1464[32m SUCCESS[39m (0 secs / 2.111 secs)
[1A[2KChrome Headless 153.0.0.0 (Mac OS 10.15.7): Executed 635 of 1464[32m SUCCESS[39m (0 secs / 2.112 secs)
[1A[2KChrome Headless 153.0.0.0 (Mac OS 10.15.7): Executed 636 of 1464[32m SUCCESS[39m (0 secs / 2.113 secs)
[1A[2KChrome Headless 153.0.0.0 (Mac OS 10.15.7): Executed 637 of 1464[32m SUCCESS[39m (0 secs / 2.113 secs)
[1A[2KChrome Headless 153.0.0.0 (Mac OS 10.15.7): Executed 638 of 1464[32m SUCCESS[39m (0 secs / 2.113 secs)
[1A[2KChrome Headless 153.0.0.0 (Mac OS 10.15.7): Executed 639 of 1464[32m SUCCESS[39m (0 secs / 2.114 secs)
[1A[2KChrome Headless 153.0.0.0 (Mac OS 10.15.7): Executed 640 of 1464[32m SUCCESS[39m (0 secs / 2.118 secs)
[1A[2KChrome Headless 153.0.0.0 (Mac OS 10.15.7): Executed 641 of 1464[32m SUCCESS[39m (0 secs / 2.123 secs)
[1A[2KChrome Headless 153.0.0.0 (Mac OS 10.15.7): Executed 642 of 1464[32m SUCCESS[39m (0 secs / 2.127 secs)
[1A[2KChrome Headless 153.0.0.0 (Mac OS 10.15.7): Executed 643 of 1464[32m SUCCESS[39m (0 secs / 2.131 secs)
[1A[2KChrome Headless 153.0.0.0 (Mac OS 10.15.7): Executed 644 of 1464[32m SUCCESS[39m (0 secs / 2.135 secs)
[1A[2KChrome Headless 153.0.0.0 (Mac OS 10.15.7): Executed 645 of 1464[32m SUCCESS[39m (0 secs / 2.14 secs)
[1A[2KChrome Headless 153.0.0.0 (Mac OS 10.15.7): Executed 646 of 1464[32m SUCCESS[39m (0 secs / 2.144 secs)
[1A[2KChrome Headless 153.0.0.0 (Mac OS 10.15.7): Executed 647 of 1464[32m SUCCESS[39m (0 secs / 2.152 secs)
[1A[2KChrome Headless 153.0.0.0 (Mac OS 10.15.7): Executed 648 of 1464[32m SUCCESS[39m (0 secs / 2.158 secs)
[1A[2KChrome Headless 153.0.0.0 (Mac OS 10.15.7): Executed 649 of 1464[32m SUCCESS[39m (0 secs / 2.162 secs)
[1A[2KChrome Headless 153.0.0.0 (Mac OS 10.15.7): Executed 650 of 1464[32m SUCCESS[39m (0 secs / 2.166 secs)
[1A[2KChrome Headless 153.0.0.0 (Mac OS 10.15.7): Executed 651 of 1464[32m SUCCESS[39m (0 secs / 2.172 secs)
[1A[2KChrome Headless 153.0.0.0 (Mac OS 10.15.7): Executed 652 of 1464[32m SUCCESS[39m (0 secs / 2.176 secs)
[1A[2KChrome Headless 153.0.0.0 (Mac OS 10.15.7): Executed 653 of 1464[32m SUCCESS[39m (0 secs / 2.176 secs)
[1A[2KChrome Headless 153.0.0.0 (Mac OS 10.15.7): Executed 654 of 1464[32m SUCCESS[39m (0 secs / 2.176 secs)
[1A[2KChrome Headless 153.0.0.0 (Mac OS 10.15.7): Executed 655 of 1464[32m SUCCESS[39m (0 secs / 2.176 secs)
[1A[2KChrome Headless 153.0.0.0 (Mac OS 10.15.7): Executed 656 of 1464[32m SUCCESS[39m (0 secs / 2.177 secs)
[1A[2KChrome Headless 153.0.0.0 (Mac OS 10.15.7): Executed 657 of 1464[32m SUCCESS[39m (0 secs / 2.177 secs)
[1A[2KChrome Headless 153.0.0.0 (Mac OS 10.15.7): Executed 658 of 1464[32m SUCCESS[39m (0 secs / 2.182 secs)
[1A[2KChrome Headless 153.0.0.0 (Mac OS 10.15.7): Executed 659 of 1464[32m SUCCESS[39m (0 secs / 2.183 secs)
[1A[2KChrome Headless 153.0.0.0 (Mac OS 10.15.7): Executed 660 of 1464[32m SUCCESS[39m (0 secs / 2.184 secs)
[1A[2KChrome Headless 153.0.0.0 (Mac OS 10.15.7): Executed 661 of 1464[32m SUCCESS[39m (0 secs / 2.187 secs)
[1A[2KChrome Headless 153.0.0.0 (Mac OS 10.15.7): Executed 662 of 1464[32m SUCCESS[39m (0 secs / 2.19 secs)
[1A[2KChrome Headless 153.0.0.0 (Mac OS 10.15.7): Executed 663 of 1464[32m SUCCESS[39m (0 secs / 2.191 secs)
[1A[2KChrome Headless 153.0.0.0 (Mac OS 10.15.7): Executed 664 of 1464[32m SUCCESS[39m (0 secs / 2.193 secs)
[1A[2KWARN: [36m'WARNING: sanitizing unsafe URL value javascript:bad() (see https://angular.dev/best-practices/security#preventing-cross-site-scripting-xss)'[39m
Chrome Headless 153.0.0.0 (Mac OS 10.15.7): Executed 664 of 1464[32m SUCCESS[39m (0 secs / 2.193 secs)
WARN: 'WARNING: sanitizing unsafe URL value javascript:bad() (see https://angular.dev/best-practices/security#preventing-cross-site-scripting-xss)'
[1A[2KWARN: [36m'WARNING: sanitizing HTML stripped some content, see https://angular.dev/best-practices/security#preventing-cross-site-scripting-xss'[39m
Chrome Headless 153.0.0.0 (Mac OS 10.15.7): Executed 664 of 1464[32m SUCCESS[39m (0 secs / 2.193 secs)
WARN: 'WARNING: sanitizing HTML stripped some content, see https://angular.dev/best-practices/security#preventing-cross-site-scripting-xss'
[1A[2KChrome Headless 153.0.0.0 (Mac OS 10.15.7): Executed 665 of 1464[32m SUCCESS[39m (0 secs / 2.195 secs)
[1A[2KChrome Headless 153.0.0.0 (Mac OS 10.15.7): Executed 666 of 1464[32m SUCCESS[39m (0 secs / 2.197 secs)
[1A[2KWARN: [36m'WARNING: sanitizing HTML stripped some content, see https://angular.dev/best-practices/security#preventing-cross-site-scripting-xss'[39m
Chrome Headless 153.0.0.0 (Mac OS 10.15.7): Executed 666 of 1464[32m SUCCESS[39m (0 secs / 2.197 secs)
WARN: 'WARNING: sanitizing HTML stripped some content, see https://angular.dev/best-practices/security#preventing-cross-site-scripting-xss'
[1A[2KChrome Headless 153.0.0.0 (Mac OS 10.15.7): Executed 667 of 1464[32m SUCCESS[39m (0 secs / 2.198 secs)
[1A[2KChrome Headless 153.0.0.0 (Mac OS 10.15.7): Executed 668 of 1464[32m SUCCESS[39m (0 secs / 2.199 secs)
[1A[2KChrome Headless 153.0.0.0 (Mac OS 10.15.7): Executed 669 of 1464[32m SUCCESS[39m (0 secs / 2.2 secs)
[1A[2KChrome Headless 153.0.0.0 (Mac OS 10.15.7): Executed 670 of 1464[32m SUCCESS[39m (0 secs / 2.201 secs)
[1A[2KChrome Headless 153.0.0.0 (Mac OS 10.15.7): Executed 671 of 1464[32m SUCCESS[39m (0 secs / 2.201 secs)
[1A[2KChrome Headless 153.0.0.0 (Mac OS 10.15.7): Executed 672 of 1464[32m SUCCESS[39m (0 secs / 2.201 secs)
[1A[2KChrome Headless 153.0.0.0 (Mac OS 10.15.7): Executed 673 of 1464[32m SUCCESS[39m (0 secs / 2.202 secs)
[1A[2KChrome Headless 153.0.0.0 (Mac OS 10.15.7): Executed 674 of 1464[32m SUCCESS[39m (0 secs / 2.203 secs)
[1A[2KChrome Headless 153.0.0.0 (Mac OS 10.15.7): Executed 675 of 1464[32m SUCCESS[39m (0 secs / 2.203 secs)
[1A[2KChrome Headless 153.0.0.0 (Mac OS 10.15.7): Executed 676 of 1464[32m SUCCESS[39m (0 secs / 2.205 secs)
[1A[2KChrome Headless 153.0.0.0 (Mac OS 10.15.7): Executed 677 of 1464[32m SUCCESS[39m (0 secs / 2.206 secs)
[1A[2KChrome Headless 153.0.0.0 (Mac OS 10.15.7): Executed 678 of 1464[32m SUCCESS[39m (0 secs / 2.209 secs)
[1A[2KChrome Headless 153.0.0.0 (Mac OS 10.15.7): Executed 679 of 1464[32m SUCCESS[39m (0 secs / 2.21 secs)
[1A[2KChrome Headless 153.0.0.0 (Mac OS 10.15.7): Executed 680 of 1464[32m SUCCESS[39m (0 secs / 2.21 secs)
[1A[2KChrome Headless 153.0.0.0 (Mac OS 10.15.7): Executed 681 of 1464[32m SUCCESS[39m (0 secs / 2.212 secs)
[1A[2KChrome Headless 153.0.0.0 (Mac OS 10.15.7): Executed 682 of 1464[32m SUCCESS[39m (0 secs / 2.213 secs)
[1A[2KChrome Headless 153.0.0.0 (Mac OS 10.15.7): Executed 683 of 1464[32m SUCCESS[39m (0 secs / 2.214 secs)
[1A[2KChrome Headless 153.0.0.0 (Mac OS 10.15.7): Executed 684 of 1464[32m SUCCESS[39m (0 secs / 2.216 secs)
[1A[2KChrome Headless 153.0.0.0 (Mac OS 10.15.7): Executed 685 of 1464[32m SUCCESS[39m (0 secs / 2.217 secs)
[1A[2KChrome Headless 153.0.0.0 (Mac OS 10.15.7): Executed 686 of 1464[32m SUCCESS[39m (0 secs / 2.218 secs)
[1A[2KChrome Headless 153.0.0.0 (Mac OS 10.15.7): Executed 687 of 1464[32m SUCCESS[39m (0 secs / 2.219 secs)
[1A[2KChrome Headless 153.0.0.0 (Mac OS 10.15.7): Executed 688 of 1464[32m SUCCESS[39m (0 secs / 2.22 secs)
[1A[2KChrome Headless 153.0.0.0 (Mac OS 10.15.7): Executed 689 of 1464[32m SUCCESS[39m (0 secs / 2.222 secs)
[1A[2KChrome Headless 153.0.0.0 (Mac OS 10.15.7): Executed 690 of 1464[32m SUCCESS[39m (0 secs / 2.223 secs)
[1A[2K[31mChrome Headless 153.0.0.0 (Mac OS 10.15.7) ScrollAreaComponent behavior pages both axes in the rendered viewport and remeasures after its bounds shrink FAILED[39m
	Expected 89 to be 100.
	    at <Jasmine>
	    at projects/orc-ds/scroll-area/scroll-area.component.spec.ts:291:35
	    at Generator.next (<anonymous>)
	    at fulfilled (chunk-3OM2B56S.js:118:24)
	    at _ZoneDelegate.invoke (node_modules/zone.js/fesm2015/zone.js:358:158)
Chrome Headless 153.0.0.0 (Mac OS 10.15.7): Executed 691 of 1464[31m (1 FAILED)[39m (0 secs / 2.287 secs)
[1A[2KChrome Headless 153.0.0.0 (Mac OS 10.15.7): Executed 692 of 1464[31m (1 FAILED)[39m (0 secs / 2.288 secs)
[1A[2KChrome Headless 153.0.0.0 (Mac OS 10.15.7): Executed 693 of 1464[31m (1 FAILED)[39m (0 secs / 2.289 secs)
[1A[2KChrome Headless 153.0.0.0 (Mac OS 10.15.7): Executed 694 of 1464[31m (1 FAILED)[39m (0 secs / 2.291 secs)
[1A[2KChrome Headless 153.0.0.0 (Mac OS 10.15.7): Executed 695 of 1464[31m (1 FAILED)[39m (0 secs / 2.293 secs)
[1A[2KChrome Headless 153.0.0.0 (Mac OS 10.15.7): Executed 696 of 1464[31m (1 FAILED)[39m (0 secs / 2.294 secs)
[1A[2KChrome Headless 153.0.0.0 (Mac OS 10.15.7): Executed 697 of 1464[31m (1 FAILED)[39m (0 secs / 2.294 secs)
[1A[2KChrome Headless 153.0.0.0 (Mac OS 10.15.7): Executed 698 of 1464[31m (1 FAILED)[39m (0 secs / 2.296 secs)
[1A[2KChrome Headless 153.0.0.0 (Mac OS 10.15.7): Executed 699 of 1464[31m (1 FAILED)[39m (0 secs / 2.299 secs)
[1A[2KChrome Headless 153.0.0.0 (Mac OS 10.15.7): Executed 700 of 1464[31m (1 FAILED)[39m (0 secs / 2.299 secs)
[1A[2KChrome Headless 153.0.0.0 (Mac OS 10.15.7): Executed 701 of 1464[31m (1 FAILED)[39m (0 secs / 2.3 secs)
[1A[2KChrome Headless 153.0.0.0 (Mac OS 10.15.7): Executed 702 of 1464[31m (1 FAILED)[39m (0 secs / 2.301 secs)
[1A[2KChrome Headless 153.0.0.0 (Mac OS 10.15.7): Executed 703 of 1464[31m (1 FAILED)[39m (0 secs / 2.301 secs)
[1A[2KChrome Headless 153.0.0.0 (Mac OS 10.15.7): Executed 704 of 1464[31m (1 FAILED)[39m (0 secs / 2.303 secs)
[1A[2KChrome Headless 153.0.0.0 (Mac OS 10.15.7): Executed 705 of 1464[31m (1 FAILED)[39m (0 secs / 2.303 secs)
[1A[2KChrome Headless 153.0.0.0 (Mac OS 10.15.7): Executed 706 of 1464[31m (1 FAILED)[39m (0 secs / 2.304 secs)
[1A[2KChrome Headless 153.0.0.0 (Mac OS 10.15.7): Executed 707 of 1464[31m (1 FAILED)[39m (0 secs / 2.305 secs)
[1A[2KChrome Headless 153.0.0.0 (Mac OS 10.15.7): Executed 708 of 1464[31m (1 FAILED)[39m (0 secs / 2.307 secs)
[1A[2KChrome Headless 153.0.0.0 (Mac OS 10.15.7): Executed 709 of 1464[31m (1 FAILED)[39m (0 secs / 2.308 secs)
[1A[2KChrome Headless 153.0.0.0 (Mac OS 10.15.7): Executed 710 of 1464[31m (1 FAILED)[39m (0 secs / 2.31 secs)
[1A[2KChrome Headless 153.0.0.0 (Mac OS 10.15.7): Executed 711 of 1464[31m (1 FAILED)[39m (0 secs / 2.31 secs)
[1A[2KChrome Headless 153.0.0.0 (Mac OS 10.15.7): Executed 712 of 1464[31m (1 FAILED)[39m (0 secs / 2.31 secs)
[1A[2KChrome Headless 153.0.0.0 (Mac OS 10.15.7): Executed 713 of 1464[31m (1 FAILED)[39m (0 secs / 2.312 secs)
[1A[2KChrome Headless 153.0.0.0 (Mac OS 10.15.7): Executed 714 of 1464[31m (1 FAILED)[39m (0 secs / 2.313 secs)
[1A[2KChrome Headless 153.0.0.0 (Mac OS 10.15.7): Executed 715 of 1464[31m (1 FAILED)[39m (0 secs / 2.316 secs)
[1A[2KChrome Headless 153.0.0.0 (Mac OS 10.15.7): Executed 716 of 1464[31m (1 FAILED)[39m (0 secs / 2.317 secs)
[1A[2KChrome Headless 153.0.0.0 (Mac OS 10.15.7): Executed 717 of 1464[31m (1 FAILED)[39m (0 secs / 2.32 secs)
[1A[2KChrome Headless 153.0.0.0 (Mac OS 10.15.7): Executed 718 of 1464[31m (1 FAILED)[39m (0 secs / 2.32 secs)
[1A[2KChrome Headless 153.0.0.0 (Mac OS 10.15.7): Executed 719 of 1464[31m (1 FAILED)[39m (0 secs / 2.321 secs)
[1A[2KChrome Headless 153.0.0.0 (Mac OS 10.15.7): Executed 720 of 1464[31m (1 FAILED)[39m (0 secs / 2.321 secs)
[1A[2KChrome Headless 153.0.0.0 (Mac OS 10.15.7): Executed 721 of 1464[31m (1 FAILED)[39m (0 secs / 2.323 secs)
[1A[2KChrome Headless 153.0.0.0 (Mac OS 10.15.7): Executed 722 of 1464[31m (1 FAILED)[39m (0 secs / 2.323 secs)
[1A[2KChrome Headless 153.0.0.0 (Mac OS 10.15.7): Executed 723 of 1464[31m (1 FAILED)[39m (0 secs / 2.328 secs)
[1A[2KChrome Headless 153.0.0.0 (Mac OS 10.15.7): Executed 724 of 1464[31m (1 FAILED)[39m (0 secs / 2.333 secs)
[1A[2KChrome Headless 153.0.0.0 (Mac OS 10.15.7): Executed 725 of 1464[31m (1 FAILED)[39m (0 secs / 2.343 secs)
[1A[2KChrome Headless 153.0.0.0 (Mac OS 10.15.7): Executed 726 of 1464[31m (1 FAILED)[39m (0 secs / 2.348 secs)
[1A[2KChrome Headless 153.0.0.0 (Mac OS 10.15.7): Executed 727 of 1464[31m (1 FAILED)[39m (0 secs / 2.355 secs)
[1A[2KChrome Headless 153.0.0.0 (Mac OS 10.15.7): Executed 728 of 1464[31m (1 FAILED)[39m (0 secs / 2.359 secs)
[1A[2KChrome Headless 153.0.0.0 (Mac OS 10.15.7): Executed 729 of 1464[31m (1 FAILED)[39m (0 secs / 2.366 secs)
[1A[2KChrome Headless 153.0.0.0 (Mac OS 10.15.7): Executed 730 of 1464[31m (1 FAILED)[39m (0 secs / 2.37 secs)
[1A[2KChrome Headless 153.0.0.0 (Mac OS 10.15.7): Executed 731 of 1464[31m (1 FAILED)[39m (0 secs / 2.376 secs)
[1A[2KChrome Headless 153.0.0.0 (Mac OS 10.15.7): Executed 732 of 1464[31m (1 FAILED)[39m (0 secs / 2.378 secs)
[1A[2KChrome Headless 153.0.0.0 (Mac OS 10.15.7): Executed 733 of 1464[31m (1 FAILED)[39m (0 secs / 2.379 secs)
[1A[2KChrome Headless 153.0.0.0 (Mac OS 10.15.7): Executed 734 of 1464[31m (1 FAILED)[39m (0 secs / 2.38 secs)
[1A[2KChrome Headless 153.0.0.0 (Mac OS 10.15.7): Executed 735 of 1464[31m (1 FAILED)[39m (0 secs / 2.381 secs)
[1A[2KChrome Headless 153.0.0.0 (Mac OS 10.15.7): Executed 736 of 1464[31m (1 FAILED)[39m (0 secs / 2.383 secs)
[1A[2KChrome Headless 153.0.0.0 (Mac OS 10.15.7): Executed 737 of 1464[31m (1 FAILED)[39m (0 secs / 2.384 secs)
[1A[2KChrome Headless 153.0.0.0 (Mac OS 10.15.7): Executed 738 of 1464[31m (1 FAILED)[39m (0 secs / 2.385 secs)
[1A[2KChrome Headless 153.0.0.0 (Mac OS 10.15.7): Executed 739 of 1464[31m (1 FAILED)[39m (0 secs / 2.386 secs)
[1A[2KChrome Headless 153.0.0.0 (Mac OS 10.15.7): Executed 740 of 1464[31m (1 FAILED)[39m (0 secs / 2.387 secs)
[1A[2KChrome Headless 153.0.0.0 (Mac OS 10.15.7): Executed 741 of 1464[31m (1 FAILED)[39m (0 secs / 2.388 secs)
[1A[2KChrome Headless 153.0.0.0 (Mac OS 10.15.7): Executed 742 of 1464[31m (1 FAILED)[39m (0 secs / 2.388 secs)
[1A[2KChrome Headless 153.0.0.0 (Mac OS 10.15.7): Executed 743 of 1464[31m (1 FAILED)[39m (0 secs / 2.392 secs)
[1A[2KChrome Headless 153.0.0.0 (Mac OS 10.15.7): Executed 744 of 1464[31m (1 FAILED)[39m (0 secs / 2.393 secs)
[1A[2KChrome Headless 153.0.0.0 (Mac OS 10.15.7): Executed 745 of 1464[31m (1 FAILED)[39m (0 secs / 2.394 secs)
[1A[2KChrome Headless 153.0.0.0 (Mac OS 10.15.7): Executed 746 of 1464[31m (1 FAILED)[39m (0 secs / 2.396 secs)
[1A[2KChrome Headless 153.0.0.0 (Mac OS 10.15.7): Executed 747 of 1464[31m (1 FAILED)[39m (0 secs / 2.398 secs)
[1A[2KChrome Headless 153.0.0.0 (Mac OS 10.15.7): Executed 748 of 1464[31m (1 FAILED)[39m (0 secs / 2.4 secs)
[1A[2KChrome Headless 153.0.0.0 (Mac OS 10.15.7): Executed 749 of 1464[31m (1 FAILED)[39m (0 secs / 2.402 secs)
[1A[2KChrome Headless 153.0.0.0 (Mac OS 10.15.7): Executed 750 of 1464[31m (1 FAILED)[39m (0 secs / 2.404 secs)
[1A[2KChrome Headless 153.0.0.0 (Mac OS 10.15.7): Executed 751 of 1464[31m (1 FAILED)[39m (0 secs / 2.406 secs)
[1A[2KChrome Headless 153.0.0.0 (Mac OS 10.15.7): Executed 752 of 1464[31m (1 FAILED)[39m (0 secs / 2.412 secs)
[1A[2KChrome Headless 153.0.0.0 (Mac OS 10.15.7): Executed 753 of 1464[31m (1 FAILED)[39m (0 secs / 2.413 secs)
[1A[2KChrome Headless 153.0.0.0 (Mac OS 10.15.7): Executed 754 of 1464[31m (1 FAILED)[39m (0 secs / 2.415 secs)
[1A[2KChrome Headless 153.0.0.0 (Mac OS 10.15.7): Executed 755 of 1464[31m (1 FAILED)[39m (0 secs / 2.417 secs)
[1A[2KChrome Headless 153.0.0.0 (Mac OS 10.15.7): Executed 756 of 1464[31m (1 FAILED)[39m (0 secs / 2.418 secs)
[1A[2KChrome Headless 153.0.0.0 (Mac OS 10.15.7): Executed 757 of 1464[31m (1 FAILED)[39m (0 secs / 2.419 secs)
[1A[2KChrome Headless 153.0.0.0 (Mac OS 10.15.7): Executed 758 of 1464[31m (1 FAILED)[39m (0 secs / 2.421 secs)
[1A[2KChrome Headless 153.0.0.0 (Mac OS 10.15.7): Executed 759 of 1464[31m (1 FAILED)[39m (0 secs / 2.422 secs)
[1A[2KChrome Headless 153.0.0.0 (Mac OS 10.15.7): Executed 760 of 1464[31m (1 FAILED)[39m (0 secs / 2.422 secs)
[1A[2KChrome Headless 153.0.0.0 (Mac OS 10.15.7): Executed 761 of 1464[31m (1 FAILED)[39m (0 secs / 2.423 secs)
[1A[2KChrome Headless 153.0.0.0 (Mac OS 10.15.7): Executed 762 of 1464[31m (1 FAILED)[39m (0 secs / 2.423 secs)
[1A[2KChrome Headless 153.0.0.0 (Mac OS 10.15.7): Executed 763 of 1464[31m (1 FAILED)[39m (0 secs / 2.423 secs)
[1A[2KChrome Headless 153.0.0.0 (Mac OS 10.15.7): Executed 764 of 1464[31m (1 FAILED)[39m (0 secs / 2.424 secs)
[1A[2KChrome Headless 153.0.0.0 (Mac OS 10.15.7): Executed 765 of 1464[31m (1 FAILED)[39m (0 secs / 2.436 secs)
[1A[2KChrome Headless 153.0.0.0 (Mac OS 10.15.7): Executed 766 of 1464[31m (1 FAILED)[39m (0 secs / 2.441 secs)
[1A[2KChrome Headless 153.0.0.0 (Mac OS 10.15.7): Executed 767 of 1464[31m (1 FAILED)[39m (0 secs / 2.453 secs)
[1A[2KChrome Headless 153.0.0.0 (Mac OS 10.15.7): Executed 768 of 1464[31m (1 FAILED)[39m (0 secs / 2.663 secs)
[1A[2KChrome Headless 153.0.0.0 (Mac OS 10.15.7): Executed 769 of 1464[31m (1 FAILED)[39m (0 secs / 2.67 secs)
[1A[2KChrome Headless 153.0.0.0 (Mac OS 10.15.7): Executed 770 of 1464[31m (1 FAILED)[39m (0 secs / 2.678 secs)
[1A[2KChrome Headless 153.0.0.0 (Mac OS 10.15.7): Executed 771 of 1464[31m (1 FAILED)[39m (0 secs / 2.684 secs)
[1A[2KChrome Headless 153.0.0.0 (Mac OS 10.15.7): Executed 772 of 1464[31m (1 FAILED)[39m (0 secs / 2.687 secs)
[1A[2KChrome Headless 153.0.0.0 (Mac OS 10.15.7): Executed 773 of 1464[31m (1 FAILED)[39m (0 secs / 2.687 secs)
[1A[2KChrome Headless 153.0.0.0 (Mac OS 10.15.7): Executed 774 of 1464[31m (1 FAILED)[39m (0 secs / 2.694 secs)
[1A[2KChrome Headless 153.0.0.0 (Mac OS 10.15.7): Executed 775 of 1464[31m (1 FAILED)[39m (0 secs / 2.695 secs)
[1A[2KChrome Headless 153.0.0.0 (Mac OS 10.15.7): Executed 776 of 1464[31m (1 FAILED)[39m (0 secs / 2.701 secs)
[1A[2KChrome Headless 153.0.0.0 (Mac OS 10.15.7): Executed 777 of 1464[31m (1 FAILED)[39m (0 secs / 2.702 secs)
[1A[2KChrome Headless 153.0.0.0 (Mac OS 10.15.7): Executed 778 of 1464[31m (1 FAILED)[39m (0 secs / 2.707 secs)
[1A[2KChrome Headless 153.0.0.0 (Mac OS 10.15.7): Executed 779 of 1464[31m (1 FAILED)[39m (0 secs / 2.708 secs)
[1A[2KChrome Headless 153.0.0.0 (Mac OS 10.15.7): Executed 780 of 1464[31m (1 FAILED)[39m (0 secs / 2.713 secs)
[1A[2KChrome Headless 153.0.0.0 (Mac OS 10.15.7): Executed 781 of 1464[31m (1 FAILED)[39m (0 secs / 2.718 secs)
[1A[2KChrome Headless 153.0.0.0 (Mac OS 10.15.7): Executed 782 of 1464[31m (1 FAILED)[39m (0 secs / 2.719 secs)
[1A[2KChrome Headless 153.0.0.0 (Mac OS 10.15.7): Executed 783 of 1464[31m (1 FAILED)[39m (0 secs / 2.724 secs)
[1A[2KChrome Headless 153.0.0.0 (Mac OS 10.15.7): Executed 784 of 1464[31m (1 FAILED)[39m (0 secs / 2.732 secs)
[1A[2KChrome Headless 153.0.0.0 (Mac OS 10.15.7): Executed 785 of 1464[31m (1 FAILED)[39m (0 secs / 2.735 secs)
[1A[2KChrome Headless 153.0.0.0 (Mac OS 10.15.7): Executed 786 of 1464[31m (1 FAILED)[39m (0 secs / 2.736 secs)
[1A[2KChrome Headless 153.0.0.0 (Mac OS 10.15.7): Executed 787 of 1464[31m (1 FAILED)[39m (0 secs / 2.738 secs)
[1A[2KChrome Headless 153.0.0.0 (Mac OS 10.15.7): Executed 788 of 1464[31m (1 FAILED)[39m (0 secs / 2.738 secs)
[1A[2KChrome Headless 153.0.0.0 (Mac OS 10.15.7): Executed 789 of 1464[31m (1 FAILED)[39m (0 secs / 2.74 secs)
[1A[2KChrome Headless 153.0.0.0 (Mac OS 10.15.7): Executed 790 of 1464[31m (1 FAILED)[39m (0 secs / 2.742 secs)
[1A[2KChrome Headless 153.0.0.0 (Mac OS 10.15.7): Executed 791 of 1464[31m (1 FAILED)[39m (0 secs / 2.745 secs)
[1A[2KChrome Headless 153.0.0.0 (Mac OS 10.15.7): Executed 792 of 1464[31m (1 FAILED)[39m (0 secs / 2.747 secs)
[1A[2KChrome Headless 153.0.0.0 (Mac OS 10.15.7): Executed 793 of 1464[31m (1 FAILED)[39m (0 secs / 2.753 secs)
[1A[2KChrome Headless 153.0.0.0 (Mac OS 10.15.7): Executed 794 of 1464[31m (1 FAILED)[39m (0 secs / 2.759 secs)
[1A[2KChrome Headless 153.0.0.0 (Mac OS 10.15.7): Executed 795 of 1464[31m (1 FAILED)[39m (0 secs / 2.761 secs)
[1A[2KChrome Headless 153.0.0.0 (Mac OS 10.15.7): Executed 796 of 1464[31m (1 FAILED)[39m (0 secs / 2.761 secs)
[1A[2KChrome Headless 153.0.0.0 (Mac OS 10.15.7): Executed 797 of 1464[31m (1 FAILED)[39m (0 secs / 2.762 secs)
[1A[2KChrome Headless 153.0.0.0 (Mac OS 10.15.7): Executed 798 of 1464[31m (1 FAILED)[39m (0 secs / 2.763 secs)
[1A[2KChrome Headless 153.0.0.0 (Mac OS 10.15.7): Executed 799 of 1464[31m (1 FAILED)[39m (0 secs / 2.769 secs)
[1A[2KChrome Headless 153.0.0.0 (Mac OS 10.15.7): Executed 800 of 1464[31m (1 FAILED)[39m (0 secs / 2.77 secs)
[1A[2KChrome Headless 153.0.0.0 (Mac OS 10.15.7): Executed 801 of 1464[31m (1 FAILED)[39m (0 secs / 2.771 secs)
[1A[2KChrome Headless 153.0.0.0 (Mac OS 10.15.7): Executed 802 of 1464[31m (1 FAILED)[39m (0 secs / 2.771 secs)
[1A[2KChrome Headless 153.0.0.0 (Mac OS 10.15.7): Executed 803 of 1464[31m (1 FAILED)[39m (0 secs / 2.772 secs)
[1A[2KChrome Headless 153.0.0.0 (Mac OS 10.15.7): Executed 804 of 1464[31m (1 FAILED)[39m (0 secs / 2.777 secs)
[1A[2KChrome Headless 153.0.0.0 (Mac OS 10.15.7): Executed 805 of 1464[31m (1 FAILED)[39m (0 secs / 2.777 secs)
[1A[2KChrome Headless 153.0.0.0 (Mac OS 10.15.7): Executed 806 of 1464[31m (1 FAILED)[39m (0 secs / 2.782 secs)
[1A[2KChrome Headless 153.0.0.0 (Mac OS 10.15.7): Executed 807 of 1464[31m (1 FAILED)[39m (0 secs / 2.784 secs)
[1A[2KChrome Headless 153.0.0.0 (Mac OS 10.15.7): Executed 808 of 1464[31m (1 FAILED)[39m (0 secs / 2.789 secs)
[1A[2KChrome Headless 153.0.0.0 (Mac OS 10.15.7): Executed 809 of 1464[31m (1 FAILED)[39m (0 secs / 2.791 secs)
[1A[2KChrome Headless 153.0.0.0 (Mac OS 10.15.7): Executed 810 of 1464[31m (1 FAILED)[39m (0 secs / 2.793 secs)
[1A[2KChrome Headless 153.0.0.0 (Mac OS 10.15.7): Executed 811 of 1464[31m (1 FAILED)[39m (0 secs / 2.795 secs)
[1A[2KChrome Headless 153.0.0.0 (Mac OS 10.15.7): Executed 812 of 1464[31m (1 FAILED)[39m (0 secs / 2.796 secs)
[1A[2KChrome Headless 153.0.0.0 (Mac OS 10.15.7): Executed 813 of 1464[31m (1 FAILED)[39m (0 secs / 2.798 secs)
[1A[2KChrome Headless 153.0.0.0 (Mac OS 10.15.7): Executed 814 of 1464[31m (1 FAILED)[39m (0 secs / 2.8 secs)
[1A[2KChrome Headless 153.0.0.0 (Mac OS 10.15.7): Executed 815 of 1464[31m (1 FAILED)[39m (0 secs / 2.8 secs)
[1A[2KChrome Headless 153.0.0.0 (Mac OS 10.15.7): Executed 816 of 1464[31m (1 FAILED)[39m (0 secs / 2.8 secs)
[1A[2KChrome Headless 153.0.0.0 (Mac OS 10.15.7): Executed 817 of 1464[31m (1 FAILED)[39m (0 secs / 2.801 secs)
[1A[2KChrome Headless 153.0.0.0 (Mac OS 10.15.7): Executed 818 of 1464[31m (1 FAILED)[39m (0 secs / 2.802 secs)
[1A[2KChrome Headless 153.0.0.0 (Mac OS 10.15.7): Executed 819 of 1464[31m (1 FAILED)[39m (0 secs / 2.803 secs)
[1A[2KChrome Headless 153.0.0.0 (Mac OS 10.15.7): Executed 820 of 1464[31m (1 FAILED)[39m (0 secs / 2.803 secs)
[1A[2KChrome Headless 153.0.0.0 (Mac OS 10.15.7): Executed 821 of 1464[31m (1 FAILED)[39m (0 secs / 2.804 secs)
[1A[2KChrome Headless 153.0.0.0 (Mac OS 10.15.7): Executed 822 of 1464[31m (1 FAILED)[39m (0 secs / 2.805 secs)
[1A[2KChrome Headless 153.0.0.0 (Mac OS 10.15.7): Executed 823 of 1464[31m (1 FAILED)[39m (0 secs / 2.805 secs)
[1A[2KChrome Headless 153.0.0.0 (Mac OS 10.15.7): Executed 824 of 1464[31m (1 FAILED)[39m (0 secs / 2.807 secs)
[1A[2KChrome Headless 153.0.0.0 (Mac OS 10.15.7): Executed 825 of 1464[31m (1 FAILED)[39m (0 secs / 2.807 secs)
[1A[2KChrome Headless 153.0.0.0 (Mac OS 10.15.7): Executed 826 of 1464[31m (1 FAILED)[39m (0 secs / 2.808 secs)
[1A[2KChrome Headless 153.0.0.0 (Mac OS 10.15.7): Executed 827 of 1464[31m (1 FAILED)[39m (0 secs / 2.808 secs)
[1A[2KChrome Headless 153.0.0.0 (Mac OS 10.15.7): Executed 828 of 1464[31m (1 FAILED)[39m (0 secs / 2.809 secs)
[1A[2KChrome Headless 153.0.0.0 (Mac OS 10.15.7): Executed 829 of 1464[31m (1 FAILED)[39m (0 secs / 2.809 secs)
[1A[2KChrome Headless 153.0.0.0 (Mac OS 10.15.7): Executed 830 of 1464[31m (1 FAILED)[39m (0 secs / 2.81 secs)
[1A[2KChrome Headless 153.0.0.0 (Mac OS 10.15.7): Executed 831 of 1464[31m (1 FAILED)[39m (0 secs / 2.81 secs)
[1A[2KChrome Headless 153.0.0.0 (Mac OS 10.15.7): Executed 832 of 1464[31m (1 FAILED)[39m (0 secs / 2.811 secs)
[1A[2KChrome Headless 153.0.0.0 (Mac OS 10.15.7): Executed 833 of 1464[31m (1 FAILED)[39m (0 secs / 2.811 secs)
[1A[2KChrome Headless 153.0.0.0 (Mac OS 10.15.7): Executed 834 of 1464[31m (1 FAILED)[39m (0 secs / 2.812 secs)
[1A[2KChrome Headless 153.0.0.0 (Mac OS 10.15.7): Executed 835 of 1464[31m (1 FAILED)[39m (0 secs / 2.812 secs)
[1A[2KChrome Headless 153.0.0.0 (Mac OS 10.15.7): Executed 836 of 1464[31m (1 FAILED)[39m (0 secs / 2.813 secs)
[1A[2KChrome Headless 153.0.0.0 (Mac OS 10.15.7): Executed 837 of 1464[31m (1 FAILED)[39m (0 secs / 2.814 secs)
[1A[2KChrome Headless 153.0.0.0 (Mac OS 10.15.7): Executed 838 of 1464[31m (1 FAILED)[39m (0 secs / 2.816 secs)
[1A[2KChrome Headless 153.0.0.0 (Mac OS 10.15.7): Executed 839 of 1464[31m (1 FAILED)[39m (0 secs / 2.817 secs)
[1A[2KChrome Headless 153.0.0.0 (Mac OS 10.15.7): Executed 840 of 1464[31m (1 FAILED)[39m (0 secs / 2.817 secs)
[1A[2KChrome Headless 153.0.0.0 (Mac OS 10.15.7): Executed 841 of 1464[31m (1 FAILED)[39m (0 secs / 2.818 secs)
[1A[2KChrome Headless 153.0.0.0 (Mac OS 10.15.7): Executed 842 of 1464[31m (1 FAILED)[39m (0 secs / 2.818 secs)
[1A[2KChrome Headless 153.0.0.0 (Mac OS 10.15.7): Executed 843 of 1464[31m (1 FAILED)[39m (0 secs / 2.819 secs)
[1A[2KChrome Headless 153.0.0.0 (Mac OS 10.15.7): Executed 844 of 1464[31m (1 FAILED)[39m (0 secs / 2.82 secs)
[1A[2KChrome Headless 153.0.0.0 (Mac OS 10.15.7): Executed 845 of 1464[31m (1 FAILED)[39m (0 secs / 2.876 secs)
[1A[2KChrome Headless 153.0.0.0 (Mac OS 10.15.7): Executed 846 of 1464[31m (1 FAILED)[39m (0 secs / 2.877 secs)
[1A[2KChrome Headless 153.0.0.0 (Mac OS 10.15.7): Executed 847 of 1464[31m (1 FAILED)[39m (0 secs / 2.879 secs)
[1A[2KChrome Headless 153.0.0.0 (Mac OS 10.15.7): Executed 848 of 1464[31m (1 FAILED)[39m (0 secs / 2.881 secs)
[1A[2KChrome Headless 153.0.0.0 (Mac OS 10.15.7): Executed 849 of 1464[31m (1 FAILED)[39m (0 secs / 2.882 secs)
[1A[2KChrome Headless 153.0.0.0 (Mac OS 10.15.7): Executed 850 of 1464[31m (1 FAILED)[39m (0 secs / 2.883 secs)
[1A[2KChrome Headless 153.0.0.0 (Mac OS 10.15.7): Executed 851 of 1464[31m (1 FAILED)[39m (0 secs / 2.884 secs)
[1A[2KChrome Headless 153.0.0.0 (Mac OS 10.15.7): Executed 852 of 1464[31m (1 FAILED)[39m (0 secs / 2.884 secs)
[1A[2KChrome Headless 153.0.0.0 (Mac OS 10.15.7): Executed 853 of 1464[31m (1 FAILED)[39m (0 secs / 2.886 secs)
[1A[2KChrome Headless 153.0.0.0 (Mac OS 10.15.7): Executed 854 of 1464[31m (1 FAILED)[39m (0 secs / 2.887 secs)
[1A[2KChrome Headless 153.0.0.0 (Mac OS 10.15.7): Executed 855 of 1464[31m (1 FAILED)[39m (0 secs / 2.893 secs)
[1A[2KChrome Headless 153.0.0.0 (Mac OS 10.15.7): Executed 856 of 1464[31m (1 FAILED)[39m (0 secs / 2.896 secs)
[1A[2KChrome Headless 153.0.0.0 (Mac OS 10.15.7): Executed 857 of 1464[31m (1 FAILED)[39m (0 secs / 2.899 secs)
[1A[2KChrome Headless 153.0.0.0 (Mac OS 10.15.7): Executed 858 of 1464[31m (1 FAILED)[39m (0 secs / 2.901 secs)
[1A[2KChrome Headless 153.0.0.0 (Mac OS 10.15.7): Executed 859 of 1464[31m (1 FAILED)[39m (0 secs / 2.903 secs)
[1A[2KChrome Headless 153.0.0.0 (Mac OS 10.15.7): Executed 860 of 1464[31m (1 FAILED)[39m (0 secs / 2.905 secs)
[1A[2KChrome Headless 153.0.0.0 (Mac OS 10.15.7): Executed 861 of 1464[31m (1 FAILED)[39m (0 secs / 2.906 secs)
[1A[2KChrome Headless 153.0.0.0 (Mac OS 10.15.7): Executed 862 of 1464[31m (1 FAILED)[39m (0 secs / 2.911 secs)
[1A[2KChrome Headless 153.0.0.0 (Mac OS 10.15.7): Executed 863 of 1464[31m (1 FAILED)[39m (0 secs / 2.916 secs)
[1A[2KChrome Headless 153.0.0.0 (Mac OS 10.15.7): Executed 864 of 1464[31m (1 FAILED)[39m (0 secs / 2.918 secs)
[1A[2KChrome Headless 153.0.0.0 (Mac OS 10.15.7): Executed 865 of 1464[31m (1 FAILED)[39m (0 secs / 2.919 secs)
[1A[2KChrome Headless 153.0.0.0 (Mac OS 10.15.7): Executed 866 of 1464[31m (1 FAILED)[39m (0 secs / 2.919 secs)
[1A[2KChrome Headless 153.0.0.0 (Mac OS 10.15.7): Executed 867 of 1464[31m (1 FAILED)[39m (0 secs / 2.92 secs)
[1A[2KChrome Headless 153.0.0.0 (Mac OS 10.15.7): Executed 868 of 1464[31m (1 FAILED)[39m (0 secs / 2.92 secs)
[1A[2KChrome Headless 153.0.0.0 (Mac OS 10.15.7): Executed 869 of 1464[31m (1 FAILED)[39m (0 secs / 2.922 secs)
[1A[2KChrome Headless 153.0.0.0 (Mac OS 10.15.7): Executed 870 of 1464[31m (1 FAILED)[39m (0 secs / 2.923 secs)
[1A[2KChrome Headless 153.0.0.0 (Mac OS 10.15.7): Executed 871 of 1464[31m (1 FAILED)[39m (0 secs / 2.923 secs)
[1A[2KChrome Headless 153.0.0.0 (Mac OS 10.15.7): Executed 872 of 1464[31m (1 FAILED)[39m (0 secs / 2.924 secs)
[1A[2KChrome Headless 153.0.0.0 (Mac OS 10.15.7): Executed 873 of 1464[31m (1 FAILED)[39m (0 secs / 2.924 secs)
[1A[2KChrome Headless 153.0.0.0 (Mac OS 10.15.7): Executed 874 of 1464[31m (1 FAILED)[39m (0 secs / 2.925 secs)
[1A[2KChrome Headless 153.0.0.0 (Mac OS 10.15.7): Executed 875 of 1464[31m (1 FAILED)[39m (0 secs / 2.925 secs)
[1A[2KChrome Headless 153.0.0.0 (Mac OS 10.15.7): Executed 876 of 1464[31m (1 FAILED)[39m (0 secs / 2.925 secs)
[1A[2KChrome Headless 153.0.0.0 (Mac OS 10.15.7): Executed 877 of 1464[31m (1 FAILED)[39m (0 secs / 2.927 secs)
[1A[2KChrome Headless 153.0.0.0 (Mac OS 10.15.7): Executed 878 of 1464[31m (1 FAILED)[39m (0 secs / 2.927 secs)
[1A[2KChrome Headless 153.0.0.0 (Mac OS 10.15.7): Executed 879 of 1464[31m (1 FAILED)[39m (0 secs / 2.928 secs)
[1A[2KChrome Headless 153.0.0.0 (Mac OS 10.15.7): Executed 880 of 1464[31m (1 FAILED)[39m (0 secs / 2.928 secs)
[1A[2KChrome Headless 153.0.0.0 (Mac OS 10.15.7): Executed 881 of 1464[31m (1 FAILED)[39m (0 secs / 2.928 secs)
[1A[2KChrome Headless 153.0.0.0 (Mac OS 10.15.7): Executed 882 of 1464[31m (1 FAILED)[39m (0 secs / 2.93 secs)
[1A[2KChrome Headless 153.0.0.0 (Mac OS 10.15.7): Executed 883 of 1464[31m (1 FAILED)[39m (0 secs / 2.932 secs)
[1A[2KChrome Headless 153.0.0.0 (Mac OS 10.15.7): Executed 884 of 1464[31m (1 FAILED)[39m (0 secs / 2.934 secs)
[1A[2KChrome Headless 153.0.0.0 (Mac OS 10.15.7): Executed 885 of 1464[31m (1 FAILED)[39m (0 secs / 2.935 secs)
[1A[2KChrome Headless 153.0.0.0 (Mac OS 10.15.7): Executed 886 of 1464[31m (1 FAILED)[39m (0 secs / 2.935 secs)
[1A[2KChrome Headless 153.0.0.0 (Mac OS 10.15.7): Executed 887 of 1464[31m (1 FAILED)[39m (0 secs / 2.935 secs)
[1A[2KChrome Headless 153.0.0.0 (Mac OS 10.15.7): Executed 888 of 1464[31m (1 FAILED)[39m (0 secs / 2.936 secs)
[1A[2KChrome Headless 153.0.0.0 (Mac OS 10.15.7): Executed 889 of 1464[31m (1 FAILED)[39m (0 secs / 2.936 secs)
[1A[2KChrome Headless 153.0.0.0 (Mac OS 10.15.7): Executed 890 of 1464[31m (1 FAILED)[39m (0 secs / 2.94 secs)
[1A[2KChrome Headless 153.0.0.0 (Mac OS 10.15.7): Executed 891 of 1464[31m (1 FAILED)[39m (0 secs / 2.941 secs)
[1A[2KChrome Headless 153.0.0.0 (Mac OS 10.15.7): Executed 892 of 1464[31m (1 FAILED)[39m (0 secs / 2.944 secs)
[1A[2KChrome Headless 153.0.0.0 (Mac OS 10.15.7): Executed 893 of 1464[31m (1 FAILED)[39m (0 secs / 2.944 secs)
[1A[2KChrome Headless 153.0.0.0 (Mac OS 10.15.7): Executed 894 of 1464[31m (1 FAILED)[39m (0 secs / 2.945 secs)
[1A[2KChrome Headless 153.0.0.0 (Mac OS 10.15.7): Executed 895 of 1464[31m (1 FAILED)[39m (0 secs / 2.945 secs)
[1A[2KChrome Headless 153.0.0.0 (Mac OS 10.15.7): Executed 896 of 1464[31m (1 FAILED)[39m (0 secs / 2.946 secs)
[1A[2KChrome Headless 153.0.0.0 (Mac OS 10.15.7): Executed 897 of 1464[31m (1 FAILED)[39m (0 secs / 2.946 secs)
[1A[2KChrome Headless 153.0.0.0 (Mac OS 10.15.7): Executed 898 of 1464[31m (1 FAILED)[39m (0 secs / 2.947 secs)
[1A[2KChrome Headless 153.0.0.0 (Mac OS 10.15.7): Executed 899 of 1464[31m (1 FAILED)[39m (0 secs / 2.947 secs)
[1A[2KChrome Headless 153.0.0.0 (Mac OS 10.15.7): Executed 900 of 1464[31m (1 FAILED)[39m (0 secs / 2.948 secs)
[1A[2KChrome Headless 153.0.0.0 (Mac OS 10.15.7): Executed 901 of 1464[31m (1 FAILED)[39m (0 secs / 2.948 secs)
[1A[2KChrome Headless 153.0.0.0 (Mac OS 10.15.7): Executed 902 of 1464[31m (1 FAILED)[39m (0 secs / 2.949 secs)
[1A[2KChrome Headless 153.0.0.0 (Mac OS 10.15.7): Executed 903 of 1464[31m (1 FAILED)[39m (0 secs / 2.95 secs)
[1A[2KChrome Headless 153.0.0.0 (Mac OS 10.15.7): Executed 904 of 1464[31m (1 FAILED)[39m (0 secs / 2.951 secs)
[1A[2KChrome Headless 153.0.0.0 (Mac OS 10.15.7): Executed 905 of 1464[31m (1 FAILED)[39m (0 secs / 2.951 secs)
[1A[2KChrome Headless 153.0.0.0 (Mac OS 10.15.7): Executed 906 of 1464[31m (1 FAILED)[39m (0 secs / 2.952 secs)
[1A[2KChrome Headless 153.0.0.0 (Mac OS 10.15.7): Executed 907 of 1464[31m (1 FAILED)[39m (0 secs / 2.952 secs)
[1A[2KChrome Headless 153.0.0.0 (Mac OS 10.15.7): Executed 908 of 1464[31m (1 FAILED)[39m (0 secs / 2.953 secs)
[1A[2KChrome Headless 153.0.0.0 (Mac OS 10.15.7): Executed 909 of 1464[31m (1 FAILED)[39m (0 secs / 2.954 secs)
[1A[2KChrome Headless 153.0.0.0 (Mac OS 10.15.7): Executed 910 of 1464[31m (1 FAILED)[39m (0 secs / 2.955 secs)
[1A[2KChrome Headless 153.0.0.0 (Mac OS 10.15.7): Executed 911 of 1464[31m (1 FAILED)[39m (0 secs / 2.957 secs)
[1A[2KChrome Headless 153.0.0.0 (Mac OS 10.15.7): Executed 912 of 1464[31m (1 FAILED)[39m (0 secs / 2.959 secs)
[1A[2KChrome Headless 153.0.0.0 (Mac OS 10.15.7): Executed 913 of 1464[31m (1 FAILED)[39m (0 secs / 2.96 secs)
[1A[2KChrome Headless 153.0.0.0 (Mac OS 10.15.7): Executed 914 of 1464[31m (1 FAILED)[39m (0 secs / 2.961 secs)
[1A[2KChrome Headless 153.0.0.0 (Mac OS 10.15.7): Executed 915 of 1464[31m (1 FAILED)[39m (0 secs / 2.961 secs)
[1A[2KChrome Headless 153.0.0.0 (Mac OS 10.15.7): Executed 916 of 1464[31m (1 FAILED)[39m (0 secs / 2.962 secs)
[1A[2KChrome Headless 153.0.0.0 (Mac OS 10.15.7): Executed 917 of 1464[31m (1 FAILED)[39m (0 secs / 2.963 secs)
[1A[2KChrome Headless 153.0.0.0 (Mac OS 10.15.7): Executed 918 of 1464[31m (1 FAILED)[39m (0 secs / 2.964 secs)
[1A[2KChrome Headless 153.0.0.0 (Mac OS 10.15.7): Executed 919 of 1464[31m (1 FAILED)[39m (0 secs / 2.968 secs)
[1A[2KChrome Headless 153.0.0.0 (Mac OS 10.15.7): Executed 920 of 1464[31m (1 FAILED)[39m (0 secs / 2.969 secs)
[1A[2KChrome Headless 153.0.0.0 (Mac OS 10.15.7): Executed 921 of 1464[31m (1 FAILED)[39m (0 secs / 2.969 secs)
[1A[2KChrome Headless 153.0.0.0 (Mac OS 10.15.7): Executed 922 of 1464[31m (1 FAILED)[39m (0 secs / 2.97 secs)
[1A[2KChrome Headless 153.0.0.0 (Mac OS 10.15.7): Executed 923 of 1464[31m (1 FAILED)[39m (0 secs / 2.97 secs)
[1A[2KChrome Headless 153.0.0.0 (Mac OS 10.15.7): Executed 924 of 1464[31m (1 FAILED)[39m (0 secs / 2.971 secs)
[1A[2KChrome Headless 153.0.0.0 (Mac OS 10.15.7): Executed 925 of 1464[31m (1 FAILED)[39m (0 secs / 2.972 secs)
[1A[2KChrome Headless 153.0.0.0 (Mac OS 10.15.7): Executed 926 of 1464[31m (1 FAILED)[39m (0 secs / 2.975 secs)
[1A[2KChrome Headless 153.0.0.0 (Mac OS 10.15.7): Executed 927 of 1464[31m (1 FAILED)[39m (0 secs / 2.976 secs)
[1A[2KChrome Headless 153.0.0.0 (Mac OS 10.15.7): Executed 928 of 1464[31m (1 FAILED)[39m (0 secs / 2.976 secs)
[1A[2KChrome Headless 153.0.0.0 (Mac OS 10.15.7): Executed 929 of 1464[31m (1 FAILED)[39m (0 secs / 2.977 secs)
[1A[2KChrome Headless 153.0.0.0 (Mac OS 10.15.7): Executed 930 of 1464[31m (1 FAILED)[39m (0 secs / 2.978 secs)
[1A[2KChrome Headless 153.0.0.0 (Mac OS 10.15.7): Executed 931 of 1464[31m (1 FAILED)[39m (0 secs / 2.979 secs)
[1A[2KChrome Headless 153.0.0.0 (Mac OS 10.15.7): Executed 932 of 1464[31m (1 FAILED)[39m (0 secs / 2.979 secs)
[1A[2KChrome Headless 153.0.0.0 (Mac OS 10.15.7): Executed 933 of 1464[31m (1 FAILED)[39m (0 secs / 2.98 secs)
[1A[2KChrome Headless 153.0.0.0 (Mac OS 10.15.7): Executed 934 of 1464[31m (1 FAILED)[39m (0 secs / 2.98 secs)
[1A[2KChrome Headless 153.0.0.0 (Mac OS 10.15.7): Executed 935 of 1464[31m (1 FAILED)[39m (0 secs / 2.981 secs)
[1A[2KChrome Headless 153.0.0.0 (Mac OS 10.15.7): Executed 936 of 1464[31m (1 FAILED)[39m (0 secs / 2.981 secs)
[1A[2KChrome Headless 153.0.0.0 (Mac OS 10.15.7): Executed 937 of 1464[31m (1 FAILED)[39m (0 secs / 2.981 secs)
[1A[2KChrome Headless 153.0.0.0 (Mac OS 10.15.7): Executed 938 of 1464[31m (1 FAILED)[39m (0 secs / 2.981 secs)
[1A[2KChrome Headless 153.0.0.0 (Mac OS 10.15.7): Executed 939 of 1464[31m (1 FAILED)[39m (0 secs / 2.982 secs)
[1A[2KChrome Headless 153.0.0.0 (Mac OS 10.15.7): Executed 940 of 1464[31m (1 FAILED)[39m (0 secs / 2.984 secs)
[1A[2KChrome Headless 153.0.0.0 (Mac OS 10.15.7): Executed 941 of 1464[31m (1 FAILED)[39m (0 secs / 2.985 secs)
[1A[2KChrome Headless 153.0.0.0 (Mac OS 10.15.7): Executed 942 of 1464[31m (1 FAILED)[39m (0 secs / 2.985 secs)
[1A[2KChrome Headless 153.0.0.0 (Mac OS 10.15.7): Executed 943 of 1464[31m (1 FAILED)[39m (0 secs / 2.985 secs)
[1A[2KChrome Headless 153.0.0.0 (Mac OS 10.15.7): Executed 944 of 1464[31m (1 FAILED)[39m (0 secs / 2.986 secs)
[1A[2KChrome Headless 153.0.0.0 (Mac OS 10.15.7): Executed 945 of 1464[31m (1 FAILED)[39m (0 secs / 2.987 secs)
[1A[2KChrome Headless 153.0.0.0 (Mac OS 10.15.7): Executed 946 of 1464[31m (1 FAILED)[39m (0 secs / 2.99 secs)
[1A[2KChrome Headless 153.0.0.0 (Mac OS 10.15.7): Executed 947 of 1464[31m (1 FAILED)[39m (0 secs / 2.991 secs)
[1A[2KChrome Headless 153.0.0.0 (Mac OS 10.15.7): Executed 948 of 1464[31m (1 FAILED)[39m (0 secs / 2.992 secs)
[1A[2KChrome Headless 153.0.0.0 (Mac OS 10.15.7): Executed 949 of 1464[31m (1 FAILED)[39m (0 secs / 2.992 secs)
[1A[2KChrome Headless 153.0.0.0 (Mac OS 10.15.7): Executed 950 of 1464[31m (1 FAILED)[39m (0 secs / 2.993 secs)
[1A[2KChrome Headless 153.0.0.0 (Mac OS 10.15.7): Executed 951 of 1464[31m (1 FAILED)[39m (0 secs / 2.993 secs)
[1A[2KChrome Headless 153.0.0.0 (Mac OS 10.15.7): Executed 952 of 1464[31m (1 FAILED)[39m (0 secs / 2.994 secs)
[1A[2KChrome Headless 153.0.0.0 (Mac OS 10.15.7): Executed 953 of 1464[31m (1 FAILED)[39m (0 secs / 2.995 secs)
[1A[2KChrome Headless 153.0.0.0 (Mac OS 10.15.7): Executed 954 of 1464[31m (1 FAILED)[39m (0 secs / 2.995 secs)
[1A[2KChrome Headless 153.0.0.0 (Mac OS 10.15.7): Executed 955 of 1464[31m (1 FAILED)[39m (0 secs / 2.996 secs)
[1A[2KChrome Headless 153.0.0.0 (Mac OS 10.15.7): Executed 956 of 1464[31m (1 FAILED)[39m (0 secs / 2.997 secs)
[1A[2KChrome Headless 153.0.0.0 (Mac OS 10.15.7): Executed 957 of 1464[31m (1 FAILED)[39m (0 secs / 2.997 secs)
[1A[2KChrome Headless 153.0.0.0 (Mac OS 10.15.7): Executed 958 of 1464[31m (1 FAILED)[39m (0 secs / 2.998 secs)
[1A[2KChrome Headless 153.0.0.0 (Mac OS 10.15.7): Executed 959 of 1464[31m (1 FAILED)[39m (0 secs / 2.998 secs)
[1A[2KChrome Headless 153.0.0.0 (Mac OS 10.15.7): Executed 960 of 1464[31m (1 FAILED)[39m (0 secs / 2.999 secs)
[1A[2KChrome Headless 153.0.0.0 (Mac OS 10.15.7): Executed 961 of 1464[31m (1 FAILED)[39m (0 secs / 2.999 secs)
[1A[2KChrome Headless 153.0.0.0 (Mac OS 10.15.7): Executed 962 of 1464[31m (1 FAILED)[39m (0 secs / 2.999 secs)
[1A[2KChrome Headless 153.0.0.0 (Mac OS 10.15.7): Executed 963 of 1464[31m (1 FAILED)[39m (0 secs / 2.999 secs)
[1A[2KChrome Headless 153.0.0.0 (Mac OS 10.15.7): Executed 964 of 1464[31m (1 FAILED)[39m (0 secs / 3.002 secs)
[1A[2KChrome Headless 153.0.0.0 (Mac OS 10.15.7): Executed 965 of 1464[31m (1 FAILED)[39m (0 secs / 3.003 secs)
[1A[2KChrome Headless 153.0.0.0 (Mac OS 10.15.7): Executed 966 of 1464[31m (1 FAILED)[39m (0 secs / 3.005 secs)
[1A[2KChrome Headless 153.0.0.0 (Mac OS 10.15.7): Executed 967 of 1464[31m (1 FAILED)[39m (0 secs / 3.007 secs)
[1A[2KChrome Headless 153.0.0.0 (Mac OS 10.15.7): Executed 968 of 1464[31m (1 FAILED)[39m (0 secs / 3.007 secs)
[1A[2KChrome Headless 153.0.0.0 (Mac OS 10.15.7): Executed 969 of 1464[31m (1 FAILED)[39m (0 secs / 3.008 secs)
[1A[2KChrome Headless 153.0.0.0 (Mac OS 10.15.7): Executed 970 of 1464[31m (1 FAILED)[39m (0 secs / 3.009 secs)
[1A[2KChrome Headless 153.0.0.0 (Mac OS 10.15.7): Executed 971 of 1464[31m (1 FAILED)[39m (0 secs / 3.012 secs)
[1A[2KChrome Headless 153.0.0.0 (Mac OS 10.15.7): Executed 972 of 1464[31m (1 FAILED)[39m (0 secs / 3.013 secs)
[1A[2KChrome Headless 153.0.0.0 (Mac OS 10.15.7): Executed 973 of 1464[31m (1 FAILED)[39m (0 secs / 3.013 secs)
[1A[2KChrome Headless 153.0.0.0 (Mac OS 10.15.7): Executed 974 of 1464[31m (1 FAILED)[39m (0 secs / 3.014 secs)
[1A[2KChrome Headless 153.0.0.0 (Mac OS 10.15.7): Executed 975 of 1464[31m (1 FAILED)[39m (0 secs / 3.015 secs)
[1A[2KChrome Headless 153.0.0.0 (Mac OS 10.15.7): Executed 976 of 1464[31m (1 FAILED)[39m (0 secs / 3.015 secs)
[1A[2KChrome Headless 153.0.0.0 (Mac OS 10.15.7): Executed 977 of 1464[31m (1 FAILED)[39m (0 secs / 3.016 secs)
[1A[2KChrome Headless 153.0.0.0 (Mac OS 10.15.7): Executed 978 of 1464[31m (1 FAILED)[39m (0 secs / 3.016 secs)
[1A[2KChrome Headless 153.0.0.0 (Mac OS 10.15.7): Executed 979 of 1464[31m (1 FAILED)[39m (0 secs / 3.017 secs)
[1A[2KChrome Headless 153.0.0.0 (Mac OS 10.15.7): Executed 980 of 1464[31m (1 FAILED)[39m (0 secs / 3.017 secs)
[1A[2KChrome Headless 153.0.0.0 (Mac OS 10.15.7): Executed 981 of 1464[31m (1 FAILED)[39m (0 secs / 3.018 secs)
[1A[2KChrome Headless 153.0.0.0 (Mac OS 10.15.7): Executed 982 of 1464[31m (1 FAILED)[39m (0 secs / 3.019 secs)
[1A[2KChrome Headless 153.0.0.0 (Mac OS 10.15.7): Executed 983 of 1464[31m (1 FAILED)[39m (0 secs / 3.02 secs)
[1A[2KChrome Headless 153.0.0.0 (Mac OS 10.15.7): Executed 984 of 1464[31m (1 FAILED)[39m (0 secs / 3.021 secs)
[1A[2KChrome Headless 153.0.0.0 (Mac OS 10.15.7): Executed 985 of 1464[31m (1 FAILED)[39m (0 secs / 3.022 secs)
[1A[2KChrome Headless 153.0.0.0 (Mac OS 10.15.7): Executed 986 of 1464[31m (1 FAILED)[39m (0 secs / 3.022 secs)
[1A[2KChrome Headless 153.0.0.0 (Mac OS 10.15.7): Executed 987 of 1464[31m (1 FAILED)[39m (0 secs / 3.023 secs)
[1A[2KChrome Headless 153.0.0.0 (Mac OS 10.15.7): Executed 988 of 1464[31m (1 FAILED)[39m (0 secs / 3.024 secs)
[1A[2KChrome Headless 153.0.0.0 (Mac OS 10.15.7): Executed 989 of 1464[31m (1 FAILED)[39m (0 secs / 3.024 secs)
[1A[2KChrome Headless 153.0.0.0 (Mac OS 10.15.7): Executed 990 of 1464[31m (1 FAILED)[39m (0 secs / 3.025 secs)
[1A[2KChrome Headless 153.0.0.0 (Mac OS 10.15.7): Executed 991 of 1464[31m (1 FAILED)[39m (0 secs / 3.026 secs)
[1A[2KChrome Headless 153.0.0.0 (Mac OS 10.15.7): Executed 992 of 1464[31m (1 FAILED)[39m (0 secs / 3.028 secs)
[1A[2KChrome Headless 153.0.0.0 (Mac OS 10.15.7): Executed 993 of 1464[31m (1 FAILED)[39m (0 secs / 3.029 secs)
[1A[2KChrome Headless 153.0.0.0 (Mac OS 10.15.7): Executed 994 of 1464[31m (1 FAILED)[39m (0 secs / 3.029 secs)
[1A[2KChrome Headless 153.0.0.0 (Mac OS 10.15.7): Executed 995 of 1464[31m (1 FAILED)[39m (0 secs / 3.032 secs)
[1A[2KChrome Headless 153.0.0.0 (Mac OS 10.15.7): Executed 996 of 1464[31m (1 FAILED)[39m (0 secs / 3.033 secs)
[1A[2KChrome Headless 153.0.0.0 (Mac OS 10.15.7): Executed 997 of 1464[31m (1 FAILED)[39m (0 secs / 3.034 secs)
[1A[2KChrome Headless 153.0.0.0 (Mac OS 10.15.7): Executed 998 of 1464[31m (1 FAILED)[39m (0 secs / 3.035 secs)
[1A[2KChrome Headless 153.0.0.0 (Mac OS 10.15.7): Executed 999 of 1464[31m (1 FAILED)[39m (0 secs / 3.035 secs)
[1A[2KChrome Headless 153.0.0.0 (Mac OS 10.15.7): Executed 1000 of 1464[31m (1 FAILED)[39m (0 secs / 3.036 secs)
[1A[2KChrome Headless 153.0.0.0 (Mac OS 10.15.7): Executed 1001 of 1464[31m (1 FAILED)[39m (0 secs / 3.038 secs)
[1A[2KChrome Headless 153.0.0.0 (Mac OS 10.15.7): Executed 1002 of 1464[31m (1 FAILED)[39m (0 secs / 3.039 secs)
[1A[2KChrome Headless 153.0.0.0 (Mac OS 10.15.7): Executed 1003 of 1464[31m (1 FAILED)[39m (0 secs / 3.039 secs)
[1A[2KChrome Headless 153.0.0.0 (Mac OS 10.15.7): Executed 1004 of 1464[31m (1 FAILED)[39m (0 secs / 3.04 secs)
[1A[2KChrome Headless 153.0.0.0 (Mac OS 10.15.7): Executed 1005 of 1464[31m (1 FAILED)[39m (0 secs / 3.04 secs)
[1A[2KChrome Headless 153.0.0.0 (Mac OS 10.15.7): Executed 1006 of 1464[31m (1 FAILED)[39m (0 secs / 3.041 secs)
[1A[2KChrome Headless 153.0.0.0 (Mac OS 10.15.7): Executed 1007 of 1464[31m (1 FAILED)[39m (0 secs / 3.042 secs)
[1A[2KChrome Headless 153.0.0.0 (Mac OS 10.15.7): Executed 1008 of 1464[31m (1 FAILED)[39m (0 secs / 3.043 secs)
[1A[2KChrome Headless 153.0.0.0 (Mac OS 10.15.7): Executed 1009 of 1464[31m (1 FAILED)[39m (0 secs / 3.043 secs)
[1A[2KChrome Headless 153.0.0.0 (Mac OS 10.15.7): Executed 1010 of 1464[31m (1 FAILED)[39m (0 secs / 3.044 secs)
[1A[2KChrome Headless 153.0.0.0 (Mac OS 10.15.7): Executed 1011 of 1464[31m (1 FAILED)[39m (0 secs / 3.044 secs)
[1A[2KChrome Headless 153.0.0.0 (Mac OS 10.15.7): Executed 1012 of 1464[31m (1 FAILED)[39m (0 secs / 3.049 secs)
[1A[2KChrome Headless 153.0.0.0 (Mac OS 10.15.7): Executed 1013 of 1464[31m (1 FAILED)[39m (0 secs / 3.05 secs)
[1A[2KChrome Headless 153.0.0.0 (Mac OS 10.15.7): Executed 1014 of 1464[31m (1 FAILED)[39m (0 secs / 3.051 secs)
[1A[2KChrome Headless 153.0.0.0 (Mac OS 10.15.7): Executed 1015 of 1464[31m (1 FAILED)[39m (0 secs / 3.052 secs)
[1A[2KChrome Headless 153.0.0.0 (Mac OS 10.15.7): Executed 1016 of 1464[31m (1 FAILED)[39m (0 secs / 3.053 secs)
[1A[2KChrome Headless 153.0.0.0 (Mac OS 10.15.7): Executed 1017 of 1464[31m (1 FAILED)[39m (0 secs / 3.053 secs)
[1A[2KChrome Headless 153.0.0.0 (Mac OS 10.15.7): Executed 1018 of 1464[31m (1 FAILED)[39m (0 secs / 3.36 secs)
[1A[2KChrome Headless 153.0.0.0 (Mac OS 10.15.7): Executed 1019 of 1464[31m (1 FAILED)[39m (0 secs / 3.364 secs)
[1A[2KChrome Headless 153.0.0.0 (Mac OS 10.15.7): Executed 1020 of 1464[31m (1 FAILED)[39m (0 secs / 3.368 secs)
[1A[2KChrome Headless 153.0.0.0 (Mac OS 10.15.7): Executed 1021 of 1464[31m (1 FAILED)[39m (0 secs / 3.373 secs)
[1A[2KChrome Headless 153.0.0.0 (Mac OS 10.15.7): Executed 1022 of 1464[31m (1 FAILED)[39m (0 secs / 3.378 secs)
[1A[2KChrome Headless 153.0.0.0 (Mac OS 10.15.7): Executed 1023 of 1464[31m (1 FAILED)[39m (0 secs / 3.379 secs)
[1A[2KChrome Headless 153.0.0.0 (Mac OS 10.15.7): Executed 1024 of 1464[31m (1 FAILED)[39m (0 secs / 3.38 secs)
[1A[2KChrome Headless 153.0.0.0 (Mac OS 10.15.7): Executed 1025 of 1464[31m (1 FAILED)[39m (0 secs / 3.382 secs)
[1A[2KChrome Headless 153.0.0.0 (Mac OS 10.15.7): Executed 1026 of 1464[31m (1 FAILED)[39m (0 secs / 3.383 secs)
[1A[2KChrome Headless 153.0.0.0 (Mac OS 10.15.7): Executed 1027 of 1464[31m (1 FAILED)[39m (0 secs / 3.383 secs)
[1A[2KChrome Headless 153.0.0.0 (Mac OS 10.15.7): Executed 1028 of 1464[31m (1 FAILED)[39m (0 secs / 3.385 secs)
[1A[2KChrome Headless 153.0.0.0 (Mac OS 10.15.7): Executed 1029 of 1464[31m (1 FAILED)[39m (0 secs / 3.386 secs)
[1A[2KChrome Headless 153.0.0.0 (Mac OS 10.15.7): Executed 1030 of 1464[31m (1 FAILED)[39m (0 secs / 3.387 secs)
[1A[2KChrome Headless 153.0.0.0 (Mac OS 10.15.7): Executed 1031 of 1464[31m (1 FAILED)[39m (0 secs / 3.388 secs)
[1A[2KChrome Headless 153.0.0.0 (Mac OS 10.15.7): Executed 1032 of 1464[31m (1 FAILED)[39m (0 secs / 3.39 secs)
[1A[2KChrome Headless 153.0.0.0 (Mac OS 10.15.7): Executed 1033 of 1464[31m (1 FAILED)[39m (0 secs / 3.392 secs)
[1A[2KChrome Headless 153.0.0.0 (Mac OS 10.15.7): Executed 1034 of 1464[31m (1 FAILED)[39m (0 secs / 3.396 secs)
[1A[2KChrome Headless 153.0.0.0 (Mac OS 10.15.7): Executed 1035 of 1464[31m (1 FAILED)[39m (0 secs / 3.399 secs)
[1A[2KChrome Headless 153.0.0.0 (Mac OS 10.15.7): Executed 1036 of 1464[31m (1 FAILED)[39m (0 secs / 3.402 secs)
[1A[2KChrome Headless 153.0.0.0 (Mac OS 10.15.7): Executed 1037 of 1464[31m (1 FAILED)[39m (0 secs / 3.404 secs)
[1A[2KChrome Headless 153.0.0.0 (Mac OS 10.15.7): Executed 1038 of 1464[31m (1 FAILED)[39m (0 secs / 3.405 secs)
[1A[2KChrome Headless 153.0.0.0 (Mac OS 10.15.7): Executed 1039 of 1464[31m (1 FAILED)[39m (0 secs / 3.406 secs)
[1A[2KChrome Headless 153.0.0.0 (Mac OS 10.15.7): Executed 1040 of 1464[31m (1 FAILED)[39m (0 secs / 3.407 secs)
[1A[2KChrome Headless 153.0.0.0 (Mac OS 10.15.7): Executed 1041 of 1464[31m (1 FAILED)[39m (0 secs / 3.408 secs)
[1A[2KChrome Headless 153.0.0.0 (Mac OS 10.15.7): Executed 1042 of 1464[31m (1 FAILED)[39m (0 secs / 3.41 secs)
[1A[2KChrome Headless 153.0.0.0 (Mac OS 10.15.7): Executed 1043 of 1464[31m (1 FAILED)[39m (0 secs / 3.412 secs)
[1A[2KChrome Headless 153.0.0.0 (Mac OS 10.15.7): Executed 1044 of 1464[31m (1 FAILED)[39m (0 secs / 3.414 secs)
[1A[2KChrome Headless 153.0.0.0 (Mac OS 10.15.7): Executed 1045 of 1464[31m (1 FAILED)[39m (0 secs / 3.415 secs)
[1A[2KChrome Headless 153.0.0.0 (Mac OS 10.15.7): Executed 1046 of 1464[31m (1 FAILED)[39m (0 secs / 3.416 secs)
[1A[2KChrome Headless 153.0.0.0 (Mac OS 10.15.7): Executed 1047 of 1464[31m (1 FAILED)[39m (0 secs / 3.418 secs)
[1A[2KChrome Headless 153.0.0.0 (Mac OS 10.15.7): Executed 1048 of 1464[31m (1 FAILED)[39m (0 secs / 3.419 secs)
[1A[2KChrome Headless 153.0.0.0 (Mac OS 10.15.7): Executed 1049 of 1464[31m (1 FAILED)[39m (0 secs / 3.421 secs)
[1A[2KChrome Headless 153.0.0.0 (Mac OS 10.15.7): Executed 1050 of 1464[31m (1 FAILED)[39m (0 secs / 3.422 secs)
[1A[2KChrome Headless 153.0.0.0 (Mac OS 10.15.7): Executed 1051 of 1464[31m (1 FAILED)[39m (0 secs / 3.423 secs)
[1A[2KChrome Headless 153.0.0.0 (Mac OS 10.15.7): Executed 1052 of 1464[31m (1 FAILED)[39m (0 secs / 3.423 secs)
[1A[2KChrome Headless 153.0.0.0 (Mac OS 10.15.7): Executed 1053 of 1464[31m (1 FAILED)[39m (0 secs / 3.424 secs)
[1A[2KChrome Headless 153.0.0.0 (Mac OS 10.15.7): Executed 1054 of 1464[31m (1 FAILED)[39m (0 secs / 3.426 secs)
[1A[2KChrome Headless 153.0.0.0 (Mac OS 10.15.7): Executed 1055 of 1464[31m (1 FAILED)[39m (0 secs / 3.426 secs)
[1A[2KChrome Headless 153.0.0.0 (Mac OS 10.15.7): Executed 1056 of 1464[31m (1 FAILED)[39m (0 secs / 3.43 secs)
[1A[2KChrome Headless 153.0.0.0 (Mac OS 10.15.7): Executed 1057 of 1464[31m (1 FAILED)[39m (0 secs / 3.43 secs)
[1A[2KChrome Headless 153.0.0.0 (Mac OS 10.15.7): Executed 1058 of 1464[31m (1 FAILED)[39m (0 secs / 3.433 secs)
[1A[2KChrome Headless 153.0.0.0 (Mac OS 10.15.7): Executed 1059 of 1464[31m (1 FAILED)[39m (0 secs / 3.434 secs)
[1A[2KChrome Headless 153.0.0.0 (Mac OS 10.15.7): Executed 1060 of 1464[31m (1 FAILED)[39m (0 secs / 3.434 secs)
[1A[2KChrome Headless 153.0.0.0 (Mac OS 10.15.7): Executed 1061 of 1464[31m (1 FAILED)[39m (0 secs / 3.435 secs)
[1A[2KChrome Headless 153.0.0.0 (Mac OS 10.15.7): Executed 1062 of 1464[31m (1 FAILED)[39m (0 secs / 3.435 secs)
[1A[2KChrome Headless 153.0.0.0 (Mac OS 10.15.7): Executed 1063 of 1464[31m (1 FAILED)[39m (0 secs / 3.437 secs)
[1A[2KChrome Headless 153.0.0.0 (Mac OS 10.15.7): Executed 1064 of 1464[31m (1 FAILED)[39m (0 secs / 3.44 secs)
[1A[2KChrome Headless 153.0.0.0 (Mac OS 10.15.7): Executed 1065 of 1464[31m (1 FAILED)[39m (0 secs / 3.441 secs)
[1A[2KChrome Headless 153.0.0.0 (Mac OS 10.15.7): Executed 1066 of 1464[31m (1 FAILED)[39m (0 secs / 3.442 secs)
[1A[2KChrome Headless 153.0.0.0 (Mac OS 10.15.7): Executed 1067 of 1464[31m (1 FAILED)[39m (0 secs / 3.444 secs)
[1A[2KChrome Headless 153.0.0.0 (Mac OS 10.15.7): Executed 1068 of 1464[31m (1 FAILED)[39m (0 secs / 3.445 secs)
[1A[2KChrome Headless 153.0.0.0 (Mac OS 10.15.7): Executed 1069 of 1464[31m (1 FAILED)[39m (0 secs / 3.454 secs)
[1A[2KChrome Headless 153.0.0.0 (Mac OS 10.15.7): Executed 1070 of 1464[31m (1 FAILED)[39m (0 secs / 3.464 secs)
[1A[2KChrome Headless 153.0.0.0 (Mac OS 10.15.7): Executed 1071 of 1464[31m (1 FAILED)[39m (0 secs / 3.471 secs)
[1A[2KChrome Headless 153.0.0.0 (Mac OS 10.15.7): Executed 1072 of 1464[31m (1 FAILED)[39m (0 secs / 3.477 secs)
[1A[2KChrome Headless 153.0.0.0 (Mac OS 10.15.7): Executed 1073 of 1464[31m (1 FAILED)[39m (0 secs / 3.481 secs)
[1A[2KChrome Headless 153.0.0.0 (Mac OS 10.15.7): Executed 1074 of 1464[31m (1 FAILED)[39m (0 secs / 3.489 secs)
[1A[2KChrome Headless 153.0.0.0 (Mac OS 10.15.7): Executed 1075 of 1464[31m (1 FAILED)[39m (0 secs / 3.491 secs)
[1A[2KChrome Headless 153.0.0.0 (Mac OS 10.15.7): Executed 1076 of 1464[31m (1 FAILED)[39m (0 secs / 3.497 secs)
[1A[2KChrome Headless 153.0.0.0 (Mac OS 10.15.7): Executed 1077 of 1464[31m (1 FAILED)[39m (0 secs / 3.503 secs)
[1A[2KChrome Headless 153.0.0.0 (Mac OS 10.15.7): Executed 1078 of 1464[31m (1 FAILED)[39m (0 secs / 3.505 secs)
[1A[2KChrome Headless 153.0.0.0 (Mac OS 10.15.7): Executed 1079 of 1464[31m (1 FAILED)[39m (0 secs / 3.511 secs)
[1A[2KChrome Headless 153.0.0.0 (Mac OS 10.15.7): Executed 1080 of 1464[31m (1 FAILED)[39m (0 secs / 3.512 secs)
[1A[2KChrome Headless 153.0.0.0 (Mac OS 10.15.7): Executed 1081 of 1464[31m (1 FAILED)[39m (0 secs / 3.513 secs)
[1A[2KChrome Headless 153.0.0.0 (Mac OS 10.15.7): Executed 1082 of 1464[31m (1 FAILED)[39m (0 secs / 3.513 secs)
[1A[2KChrome Headless 153.0.0.0 (Mac OS 10.15.7): Executed 1083 of 1464[31m (1 FAILED)[39m (0 secs / 3.514 secs)
[1A[2KChrome Headless 153.0.0.0 (Mac OS 10.15.7): Executed 1084 of 1464[31m (1 FAILED)[39m (0 secs / 3.515 secs)
[1A[2KChrome Headless 153.0.0.0 (Mac OS 10.15.7): Executed 1085 of 1464[31m (1 FAILED)[39m (0 secs / 3.516 secs)
[1A[2KChrome Headless 153.0.0.0 (Mac OS 10.15.7): Executed 1086 of 1464[31m (1 FAILED)[39m (0 secs / 3.516 secs)
[1A[2KChrome Headless 153.0.0.0 (Mac OS 10.15.7): Executed 1087 of 1464[31m (1 FAILED)[39m (0 secs / 3.516 secs)
[1A[2KChrome Headless 153.0.0.0 (Mac OS 10.15.7): Executed 1088 of 1464[31m (1 FAILED)[39m (0 secs / 3.517 secs)
[1A[2KChrome Headless 153.0.0.0 (Mac OS 10.15.7): Executed 1089 of 1464[31m (1 FAILED)[39m (0 secs / 3.518 secs)
[1A[2KChrome Headless 153.0.0.0 (Mac OS 10.15.7): Executed 1090 of 1464[31m (1 FAILED)[39m (0 secs / 3.518 secs)
[1A[2KChrome Headless 153.0.0.0 (Mac OS 10.15.7): Executed 1091 of 1464[31m (1 FAILED)[39m (0 secs / 3.519 secs)
[1A[2KChrome Headless 153.0.0.0 (Mac OS 10.15.7): Executed 1092 of 1464[31m (1 FAILED)[39m (0 secs / 3.52 secs)
[1A[2KChrome Headless 153.0.0.0 (Mac OS 10.15.7): Executed 1093 of 1464[31m (1 FAILED)[39m (0 secs / 3.52 secs)
[1A[2KChrome Headless 153.0.0.0 (Mac OS 10.15.7): Executed 1094 of 1464[31m (1 FAILED)[39m (0 secs / 3.521 secs)
[1A[2KChrome Headless 153.0.0.0 (Mac OS 10.15.7): Executed 1095 of 1464[31m (1 FAILED)[39m (0 secs / 3.521 secs)
[1A[2KChrome Headless 153.0.0.0 (Mac OS 10.15.7): Executed 1096 of 1464[31m (1 FAILED)[39m (0 secs / 3.521 secs)
[1A[2KChrome Headless 153.0.0.0 (Mac OS 10.15.7): Executed 1097 of 1464[31m (1 FAILED)[39m (0 secs / 3.522 secs)
[1A[2KChrome Headless 153.0.0.0 (Mac OS 10.15.7): Executed 1098 of 1464[31m (1 FAILED)[39m (0 secs / 3.522 secs)
[1A[2KChrome Headless 153.0.0.0 (Mac OS 10.15.7): Executed 1099 of 1464[31m (1 FAILED)[39m (0 secs / 3.527 secs)
[1A[2KChrome Headless 153.0.0.0 (Mac OS 10.15.7): Executed 1100 of 1464[31m (1 FAILED)[39m (0 secs / 3.528 secs)
[1A[2KChrome Headless 153.0.0.0 (Mac OS 10.15.7): Executed 1101 of 1464[31m (1 FAILED)[39m (0 secs / 3.529 secs)
[1A[2KChrome Headless 153.0.0.0 (Mac OS 10.15.7): Executed 1102 of 1464[31m (1 FAILED)[39m (0 secs / 3.529 secs)
[1A[2KChrome Headless 153.0.0.0 (Mac OS 10.15.7): Executed 1103 of 1464[31m (1 FAILED)[39m (0 secs / 3.53 secs)
[1A[2KChrome Headless 153.0.0.0 (Mac OS 10.15.7): Executed 1104 of 1464[31m (1 FAILED)[39m (0 secs / 3.531 secs)
[1A[2KChrome Headless 153.0.0.0 (Mac OS 10.15.7): Executed 1105 of 1464[31m (1 FAILED)[39m (0 secs / 3.535 secs)
[1A[2KChrome Headless 153.0.0.0 (Mac OS 10.15.7): Executed 1106 of 1464[31m (1 FAILED)[39m (0 secs / 3.536 secs)
[1A[2KChrome Headless 153.0.0.0 (Mac OS 10.15.7): Executed 1107 of 1464[31m (1 FAILED)[39m (0 secs / 3.536 secs)
[1A[2KChrome Headless 153.0.0.0 (Mac OS 10.15.7): Executed 1108 of 1464[31m (1 FAILED)[39m (0 secs / 3.537 secs)
[1A[2KChrome Headless 153.0.0.0 (Mac OS 10.15.7): Executed 1109 of 1464[31m (1 FAILED)[39m (0 secs / 3.538 secs)
[1A[2KChrome Headless 153.0.0.0 (Mac OS 10.15.7): Executed 1110 of 1464[31m (1 FAILED)[39m (0 secs / 3.541 secs)
[1A[2KChrome Headless 153.0.0.0 (Mac OS 10.15.7): Executed 1111 of 1464[31m (1 FAILED)[39m (0 secs / 3.542 secs)
[1A[2KChrome Headless 153.0.0.0 (Mac OS 10.15.7): Executed 1112 of 1464[31m (1 FAILED)[39m (0 secs / 3.544 secs)
[1A[2KChrome Headless 153.0.0.0 (Mac OS 10.15.7): Executed 1113 of 1464[31m (1 FAILED)[39m (0 secs / 3.546 secs)
[1A[2KChrome Headless 153.0.0.0 (Mac OS 10.15.7): Executed 1114 of 1464[31m (1 FAILED)[39m (0 secs / 3.547 secs)
[1A[2KChrome Headless 153.0.0.0 (Mac OS 10.15.7): Executed 1115 of 1464[31m (1 FAILED)[39m (0 secs / 3.551 secs)
[1A[2KChrome Headless 153.0.0.0 (Mac OS 10.15.7): Executed 1116 of 1464[31m (1 FAILED)[39m (0 secs / 3.553 secs)
[1A[2KChrome Headless 153.0.0.0 (Mac OS 10.15.7): Executed 1117 of 1464[31m (1 FAILED)[39m (0 secs / 3.556 secs)
[1A[2KChrome Headless 153.0.0.0 (Mac OS 10.15.7): Executed 1118 of 1464[31m (1 FAILED)[39m (0 secs / 3.557 secs)
[1A[2KChrome Headless 153.0.0.0 (Mac OS 10.15.7): Executed 1119 of 1464[31m (1 FAILED)[39m (0 secs / 3.558 secs)
[1A[2KChrome Headless 153.0.0.0 (Mac OS 10.15.7): Executed 1120 of 1464[31m (1 FAILED)[39m (0 secs / 3.559 secs)
[1A[2KChrome Headless 153.0.0.0 (Mac OS 10.15.7): Executed 1121 of 1464[31m (1 FAILED)[39m (0 secs / 3.56 secs)
[1A[2KChrome Headless 153.0.0.0 (Mac OS 10.15.7): Executed 1122 of 1464[31m (1 FAILED)[39m (0 secs / 3.561 secs)
[1A[2KChrome Headless 153.0.0.0 (Mac OS 10.15.7): Executed 1123 of 1464[31m (1 FAILED)[39m (0 secs / 3.574 secs)
[1A[2KChrome Headless 153.0.0.0 (Mac OS 10.15.7): Executed 1124 of 1464[31m (1 FAILED)[39m (0 secs / 3.584 secs)
[1A[2KChrome Headless 153.0.0.0 (Mac OS 10.15.7): Executed 1125 of 1464[31m (1 FAILED)[39m (0 secs / 3.602 secs)
[1A[2KChrome Headless 153.0.0.0 (Mac OS 10.15.7): Executed 1126 of 1464[31m (1 FAILED)[39m (0 secs / 3.606 secs)
[1A[2KChrome Headless 153.0.0.0 (Mac OS 10.15.7): Executed 1127 of 1464[31m (1 FAILED)[39m (0 secs / 3.607 secs)
[1A[2KChrome Headless 153.0.0.0 (Mac OS 10.15.7): Executed 1128 of 1464[31m (1 FAILED)[39m (0 secs / 3.607 secs)
[1A[2KChrome Headless 153.0.0.0 (Mac OS 10.15.7): Executed 1129 of 1464[31m (1 FAILED)[39m (0 secs / 3.607 secs)
[1A[2KChrome Headless 153.0.0.0 (Mac OS 10.15.7): Executed 1130 of 1464[31m (1 FAILED)[39m (0 secs / 3.612 secs)
[1A[2KChrome Headless 153.0.0.0 (Mac OS 10.15.7): Executed 1131 of 1464[31m (1 FAILED)[39m (0 secs / 3.613 secs)
[1A[2KChrome Headless 153.0.0.0 (Mac OS 10.15.7): Executed 1132 of 1464[31m (1 FAILED)[39m (0 secs / 3.615 secs)
[1A[2KChrome Headless 153.0.0.0 (Mac OS 10.15.7): Executed 1133 of 1464[31m (1 FAILED)[39m (0 secs / 3.618 secs)
[1A[2KChrome Headless 153.0.0.0 (Mac OS 10.15.7): Executed 1134 of 1464[31m (1 FAILED)[39m (0 secs / 3.618 secs)
[1A[2KChrome Headless 153.0.0.0 (Mac OS 10.15.7): Executed 1135 of 1464[31m (1 FAILED)[39m (0 secs / 3.619 secs)
[1A[2KChrome Headless 153.0.0.0 (Mac OS 10.15.7): Executed 1136 of 1464[31m (1 FAILED)[39m (0 secs / 3.62 secs)
[1A[2KChrome Headless 153.0.0.0 (Mac OS 10.15.7): Executed 1137 of 1464[31m (1 FAILED)[39m (0 secs / 3.62 secs)
[1A[2KChrome Headless 153.0.0.0 (Mac OS 10.15.7): Executed 1138 of 1464[31m (1 FAILED)[39m (0 secs / 3.621 secs)
[1A[2KChrome Headless 153.0.0.0 (Mac OS 10.15.7): Executed 1139 of 1464[31m (1 FAILED)[39m (0 secs / 3.624 secs)
[1A[2KChrome Headless 153.0.0.0 (Mac OS 10.15.7): Executed 1140 of 1464[31m (1 FAILED)[39m (0 secs / 3.626 secs)
[1A[2KChrome Headless 153.0.0.0 (Mac OS 10.15.7): Executed 1141 of 1464[31m (1 FAILED)[39m (0 secs / 3.628 secs)
[1A[2KChrome Headless 153.0.0.0 (Mac OS 10.15.7): Executed 1142 of 1464[31m (1 FAILED)[39m (0 secs / 3.629 secs)
[1A[2KChrome Headless 153.0.0.0 (Mac OS 10.15.7): Executed 1143 of 1464[31m (1 FAILED)[39m (0 secs / 3.63 secs)
[1A[2KChrome Headless 153.0.0.0 (Mac OS 10.15.7): Executed 1144 of 1464[31m (1 FAILED)[39m (0 secs / 3.632 secs)
[1A[2KChrome Headless 153.0.0.0 (Mac OS 10.15.7): Executed 1145 of 1464[31m (1 FAILED)[39m (0 secs / 3.632 secs)
[1A[2KChrome Headless 153.0.0.0 (Mac OS 10.15.7): Executed 1146 of 1464[31m (1 FAILED)[39m (0 secs / 3.637 secs)
[1A[2KChrome Headless 153.0.0.0 (Mac OS 10.15.7): Executed 1147 of 1464[31m (1 FAILED)[39m (0 secs / 3.641 secs)
[1A[2KChrome Headless 153.0.0.0 (Mac OS 10.15.7): Executed 1148 of 1464[31m (1 FAILED)[39m (0 secs / 3.642 secs)
[1A[2KChrome Headless 153.0.0.0 (Mac OS 10.15.7): Executed 1149 of 1464[31m (1 FAILED)[39m (0 secs / 3.647 secs)
[1A[2KChrome Headless 153.0.0.0 (Mac OS 10.15.7): Executed 1150 of 1464[31m (1 FAILED)[39m (0 secs / 3.652 secs)
[1A[2KChrome Headless 153.0.0.0 (Mac OS 10.15.7): Executed 1151 of 1464[31m (1 FAILED)[39m (0 secs / 3.656 secs)
[1A[2KChrome Headless 153.0.0.0 (Mac OS 10.15.7): Executed 1152 of 1464[31m (1 FAILED)[39m (0 secs / 3.66 secs)
[1A[2KChrome Headless 153.0.0.0 (Mac OS 10.15.7): Executed 1153 of 1464[31m (1 FAILED)[39m (0 secs / 3.666 secs)
[1A[2KChrome Headless 153.0.0.0 (Mac OS 10.15.7): Executed 1154 of 1464[31m (1 FAILED)[39m (0 secs / 3.67 secs)
[1A[2KChrome Headless 153.0.0.0 (Mac OS 10.15.7): Executed 1155 of 1464[31m (1 FAILED)[39m (0 secs / 3.685 secs)
[1A[2KChrome Headless 153.0.0.0 (Mac OS 10.15.7): Executed 1156 of 1464[31m (1 FAILED)[39m (0 secs / 3.695 secs)
[1A[2KChrome Headless 153.0.0.0 (Mac OS 10.15.7): Executed 1157 of 1464[31m (1 FAILED)[39m (0 secs / 3.701 secs)
[1A[2KChrome Headless 153.0.0.0 (Mac OS 10.15.7): Executed 1158 of 1464[31m (1 FAILED)[39m (0 secs / 3.704 secs)
[1A[2KChrome Headless 153.0.0.0 (Mac OS 10.15.7): Executed 1159 of 1464[31m (1 FAILED)[39m (0 secs / 3.704 secs)
[1A[2KChrome Headless 153.0.0.0 (Mac OS 10.15.7): Executed 1160 of 1464[31m (1 FAILED)[39m (0 secs / 3.705 secs)
[1A[2KChrome Headless 153.0.0.0 (Mac OS 10.15.7): Executed 1161 of 1464[31m (1 FAILED)[39m (0 secs / 3.705 secs)
[1A[2KChrome Headless 153.0.0.0 (Mac OS 10.15.7): Executed 1162 of 1464[31m (1 FAILED)[39m (0 secs / 3.712 secs)
[1A[2KChrome Headless 153.0.0.0 (Mac OS 10.15.7): Executed 1163 of 1464[31m (1 FAILED)[39m (0 secs / 3.715 secs)
[1A[2KChrome Headless 153.0.0.0 (Mac OS 10.15.7): Executed 1164 of 1464[31m (1 FAILED)[39m (0 secs / 3.721 secs)
[1A[2KChrome Headless 153.0.0.0 (Mac OS 10.15.7): Executed 1165 of 1464[31m (1 FAILED)[39m (0 secs / 3.722 secs)
[1A[2KChrome Headless 153.0.0.0 (Mac OS 10.15.7): Executed 1166 of 1464[31m (1 FAILED)[39m (0 secs / 3.723 secs)
[1A[2KChrome Headless 153.0.0.0 (Mac OS 10.15.7): Executed 1167 of 1464[31m (1 FAILED)[39m (0 secs / 3.723 secs)
[1A[2KChrome Headless 153.0.0.0 (Mac OS 10.15.7): Executed 1168 of 1464[31m (1 FAILED)[39m (0 secs / 3.735 secs)
[1A[2KChrome Headless 153.0.0.0 (Mac OS 10.15.7): Executed 1169 of 1464[31m (1 FAILED)[39m (0 secs / 3.754 secs)
[1A[2KChrome Headless 153.0.0.0 (Mac OS 10.15.7): Executed 1170 of 1464[31m (1 FAILED)[39m (0 secs / 3.762 secs)
[1A[2KChrome Headless 153.0.0.0 (Mac OS 10.15.7): Executed 1171 of 1464[31m (1 FAILED)[39m (0 secs / 3.766 secs)
[1A[2KChrome Headless 153.0.0.0 (Mac OS 10.15.7): Executed 1172 of 1464[31m (1 FAILED)[39m (0 secs / 3.771 secs)
[1A[2KChrome Headless 153.0.0.0 (Mac OS 10.15.7): Executed 1173 of 1464[31m (1 FAILED)[39m (0 secs / 3.78 secs)
[1A[2KChrome Headless 153.0.0.0 (Mac OS 10.15.7): Executed 1174 of 1464[31m (1 FAILED)[39m (0 secs / 3.783 secs)
[1A[2KChrome Headless 153.0.0.0 (Mac OS 10.15.7): Executed 1175 of 1464[31m (1 FAILED)[39m (0 secs / 3.783 secs)
[1A[2KChrome Headless 153.0.0.0 (Mac OS 10.15.7): Executed 1176 of 1464[31m (1 FAILED)[39m (0 secs / 3.786 secs)
[1A[2KChrome Headless 153.0.0.0 (Mac OS 10.15.7): Executed 1177 of 1464[31m (1 FAILED)[39m (0 secs / 3.788 secs)
[1A[2KChrome Headless 153.0.0.0 (Mac OS 10.15.7): Executed 1178 of 1464[31m (1 FAILED)[39m (0 secs / 3.79 secs)
[1A[2KChrome Headless 153.0.0.0 (Mac OS 10.15.7): Executed 1179 of 1464[31m (1 FAILED)[39m (0 secs / 3.791 secs)
[1A[2KChrome Headless 153.0.0.0 (Mac OS 10.15.7): Executed 1180 of 1464[31m (1 FAILED)[39m (0 secs / 3.793 secs)
[1A[2KChrome Headless 153.0.0.0 (Mac OS 10.15.7): Executed 1181 of 1464[31m (1 FAILED)[39m (0 secs / 3.795 secs)
[1A[2KChrome Headless 153.0.0.0 (Mac OS 10.15.7): Executed 1182 of 1464[31m (1 FAILED)[39m (0 secs / 3.798 secs)
[1A[2KChrome Headless 153.0.0.0 (Mac OS 10.15.7): Executed 1183 of 1464[31m (1 FAILED)[39m (0 secs / 3.799 secs)
[1A[2KChrome Headless 153.0.0.0 (Mac OS 10.15.7): Executed 1184 of 1464[31m (1 FAILED)[39m (0 secs / 3.8 secs)
[1A[2KChrome Headless 153.0.0.0 (Mac OS 10.15.7): Executed 1185 of 1464[31m (1 FAILED)[39m (0 secs / 3.802 secs)
[1A[2KChrome Headless 153.0.0.0 (Mac OS 10.15.7): Executed 1186 of 1464[31m (1 FAILED)[39m (0 secs / 3.804 secs)
[1A[2KChrome Headless 153.0.0.0 (Mac OS 10.15.7): Executed 1187 of 1464[31m (1 FAILED)[39m (0 secs / 3.805 secs)
[1A[2KChrome Headless 153.0.0.0 (Mac OS 10.15.7): Executed 1188 of 1464[31m (1 FAILED)[39m (0 secs / 3.808 secs)
[1A[2KChrome Headless 153.0.0.0 (Mac OS 10.15.7): Executed 1189 of 1464[31m (1 FAILED)[39m (0 secs / 3.811 secs)
[1A[2KChrome Headless 153.0.0.0 (Mac OS 10.15.7): Executed 1190 of 1464[31m (1 FAILED)[39m (0 secs / 3.813 secs)
[1A[2KChrome Headless 153.0.0.0 (Mac OS 10.15.7): Executed 1191 of 1464[31m (1 FAILED)[39m (0 secs / 3.815 secs)
[1A[2KChrome Headless 153.0.0.0 (Mac OS 10.15.7): Executed 1192 of 1464[31m (1 FAILED)[39m (0 secs / 3.818 secs)
[1A[2KChrome Headless 153.0.0.0 (Mac OS 10.15.7): Executed 1193 of 1464[31m (1 FAILED)[39m (0 secs / 3.819 secs)
[1A[2KChrome Headless 153.0.0.0 (Mac OS 10.15.7): Executed 1194 of 1464[31m (1 FAILED)[39m (0 secs / 3.82 secs)
[1A[2KChrome Headless 153.0.0.0 (Mac OS 10.15.7): Executed 1195 of 1464[31m (1 FAILED)[39m (0 secs / 3.82 secs)
[1A[2KChrome Headless 153.0.0.0 (Mac OS 10.15.7): Executed 1196 of 1464[31m (1 FAILED)[39m (0 secs / 3.821 secs)
[1A[2KChrome Headless 153.0.0.0 (Mac OS 10.15.7): Executed 1197 of 1464[31m (1 FAILED)[39m (0 secs / 3.823 secs)
[1A[2KChrome Headless 153.0.0.0 (Mac OS 10.15.7): Executed 1198 of 1464[31m (1 FAILED)[39m (0 secs / 3.823 secs)
[1A[2KChrome Headless 153.0.0.0 (Mac OS 10.15.7): Executed 1199 of 1464[31m (1 FAILED)[39m (0 secs / 3.825 secs)
[1A[2KChrome Headless 153.0.0.0 (Mac OS 10.15.7): Executed 1200 of 1464[31m (1 FAILED)[39m (0 secs / 3.826 secs)
[1A[2KChrome Headless 153.0.0.0 (Mac OS 10.15.7): Executed 1201 of 1464[31m (1 FAILED)[39m (0 secs / 3.826 secs)
[1A[2KChrome Headless 153.0.0.0 (Mac OS 10.15.7): Executed 1202 of 1464[31m (1 FAILED)[39m (0 secs / 3.827 secs)
[1A[2KChrome Headless 153.0.0.0 (Mac OS 10.15.7): Executed 1203 of 1464[31m (1 FAILED)[39m (0 secs / 3.827 secs)
[1A[2KChrome Headless 153.0.0.0 (Mac OS 10.15.7): Executed 1204 of 1464[31m (1 FAILED)[39m (0 secs / 3.832 secs)
[1A[2KChrome Headless 153.0.0.0 (Mac OS 10.15.7): Executed 1205 of 1464[31m (1 FAILED)[39m (0 secs / 3.833 secs)
[1A[2KChrome Headless 153.0.0.0 (Mac OS 10.15.7): Executed 1206 of 1464[31m (1 FAILED)[39m (0 secs / 3.835 secs)
[1A[2KChrome Headless 153.0.0.0 (Mac OS 10.15.7): Executed 1207 of 1464[31m (1 FAILED)[39m (0 secs / 3.836 secs)
[1A[2KChrome Headless 153.0.0.0 (Mac OS 10.15.7): Executed 1208 of 1464[31m (1 FAILED)[39m (0 secs / 3.836 secs)
[1A[2KChrome Headless 153.0.0.0 (Mac OS 10.15.7): Executed 1209 of 1464[31m (1 FAILED)[39m (0 secs / 3.839 secs)
[1A[2KChrome Headless 153.0.0.0 (Mac OS 10.15.7): Executed 1210 of 1464[31m (1 FAILED)[39m (0 secs / 3.841 secs)
[1A[2KChrome Headless 153.0.0.0 (Mac OS 10.15.7): Executed 1211 of 1464[31m (1 FAILED)[39m (0 secs / 3.841 secs)
[1A[2KChrome Headless 153.0.0.0 (Mac OS 10.15.7): Executed 1212 of 1464[31m (1 FAILED)[39m (0 secs / 3.846 secs)
[1A[2KChrome Headless 153.0.0.0 (Mac OS 10.15.7): Executed 1213 of 1464[31m (1 FAILED)[39m (0 secs / 3.848 secs)
[1A[2KChrome Headless 153.0.0.0 (Mac OS 10.15.7): Executed 1214 of 1464[31m (1 FAILED)[39m (0 secs / 3.85 secs)
[1A[2KChrome Headless 153.0.0.0 (Mac OS 10.15.7): Executed 1215 of 1464[31m (1 FAILED)[39m (0 secs / 3.852 secs)
[1A[2KChrome Headless 153.0.0.0 (Mac OS 10.15.7): Executed 1216 of 1464[31m (1 FAILED)[39m (0 secs / 3.852 secs)
[1A[2KChrome Headless 153.0.0.0 (Mac OS 10.15.7): Executed 1217 of 1464[31m (1 FAILED)[39m (0 secs / 3.854 secs)
[1A[2KChrome Headless 153.0.0.0 (Mac OS 10.15.7): Executed 1218 of 1464[31m (1 FAILED)[39m (0 secs / 3.855 secs)
[1A[2KChrome Headless 153.0.0.0 (Mac OS 10.15.7): Executed 1219 of 1464[31m (1 FAILED)[39m (0 secs / 3.858 secs)
[1A[2KChrome Headless 153.0.0.0 (Mac OS 10.15.7): Executed 1220 of 1464[31m (1 FAILED)[39m (0 secs / 3.859 secs)
[1A[2KChrome Headless 153.0.0.0 (Mac OS 10.15.7): Executed 1221 of 1464[31m (1 FAILED)[39m (0 secs / 3.861 secs)
[1A[2KChrome Headless 153.0.0.0 (Mac OS 10.15.7): Executed 1222 of 1464[31m (1 FAILED)[39m (0 secs / 3.863 secs)
[1A[2KChrome Headless 153.0.0.0 (Mac OS 10.15.7): Executed 1223 of 1464[31m (1 FAILED)[39m (0 secs / 3.865 secs)
[1A[2KChrome Headless 153.0.0.0 (Mac OS 10.15.7): Executed 1224 of 1464[31m (1 FAILED)[39m (0 secs / 3.869 secs)
[1A[2KChrome Headless 153.0.0.0 (Mac OS 10.15.7): Executed 1225 of 1464[31m (1 FAILED)[39m (0 secs / 3.87 secs)
[1A[2KChrome Headless 153.0.0.0 (Mac OS 10.15.7): Executed 1226 of 1464[31m (1 FAILED)[39m (0 secs / 3.872 secs)
[1A[2KChrome Headless 153.0.0.0 (Mac OS 10.15.7): Executed 1227 of 1464[31m (1 FAILED)[39m (0 secs / 3.874 secs)
[1A[2KChrome Headless 153.0.0.0 (Mac OS 10.15.7): Executed 1228 of 1464[31m (1 FAILED)[39m (0 secs / 3.877 secs)
[1A[2KChrome Headless 153.0.0.0 (Mac OS 10.15.7): Executed 1229 of 1464[31m (1 FAILED)[39m (0 secs / 3.879 secs)
[1A[2KChrome Headless 153.0.0.0 (Mac OS 10.15.7): Executed 1230 of 1464[31m (1 FAILED)[39m (0 secs / 3.881 secs)
[1A[2KChrome Headless 153.0.0.0 (Mac OS 10.15.7): Executed 1231 of 1464[31m (1 FAILED)[39m (0 secs / 3.883 secs)
[1A[2KChrome Headless 153.0.0.0 (Mac OS 10.15.7): Executed 1232 of 1464[31m (1 FAILED)[39m (0 secs / 3.885 secs)
[1A[2KChrome Headless 153.0.0.0 (Mac OS 10.15.7): Executed 1233 of 1464[31m (1 FAILED)[39m (0 secs / 3.887 secs)
[1A[2KChrome Headless 153.0.0.0 (Mac OS 10.15.7): Executed 1234 of 1464[31m (1 FAILED)[39m (0 secs / 3.889 secs)
[1A[2KChrome Headless 153.0.0.0 (Mac OS 10.15.7): Executed 1235 of 1464[31m (1 FAILED)[39m (0 secs / 3.891 secs)
[1A[2KChrome Headless 153.0.0.0 (Mac OS 10.15.7): Executed 1236 of 1464[31m (1 FAILED)[39m (0 secs / 3.893 secs)
[1A[2KChrome Headless 153.0.0.0 (Mac OS 10.15.7): Executed 1237 of 1464[31m (1 FAILED)[39m (0 secs / 3.895 secs)
[1A[2KChrome Headless 153.0.0.0 (Mac OS 10.15.7): Executed 1238 of 1464[31m (1 FAILED)[39m (0 secs / 3.896 secs)
[1A[2KChrome Headless 153.0.0.0 (Mac OS 10.15.7): Executed 1239 of 1464[31m (1 FAILED)[39m (0 secs / 3.923 secs)
[1A[2KChrome Headless 153.0.0.0 (Mac OS 10.15.7): Executed 1240 of 1464[31m (1 FAILED)[39m (0 secs / 3.935 secs)
[1A[2KChrome Headless 153.0.0.0 (Mac OS 10.15.7): Executed 1241 of 1464[31m (1 FAILED)[39m (0 secs / 3.943 secs)
[1A[2KChrome Headless 153.0.0.0 (Mac OS 10.15.7): Executed 1242 of 1464[31m (1 FAILED)[39m (0 secs / 3.952 secs)
[1A[2KChrome Headless 153.0.0.0 (Mac OS 10.15.7): Executed 1243 of 1464[31m (1 FAILED)[39m (0 secs / 3.953 secs)
[1A[2KChrome Headless 153.0.0.0 (Mac OS 10.15.7): Executed 1244 of 1464[31m (1 FAILED)[39m (0 secs / 3.955 secs)
[1A[2KChrome Headless 153.0.0.0 (Mac OS 10.15.7): Executed 1245 of 1464[31m (1 FAILED)[39m (0 secs / 3.956 secs)
[1A[2KChrome Headless 153.0.0.0 (Mac OS 10.15.7): Executed 1246 of 1464[31m (1 FAILED)[39m (0 secs / 3.956 secs)
[1A[2KChrome Headless 153.0.0.0 (Mac OS 10.15.7): Executed 1247 of 1464[31m (1 FAILED)[39m (0 secs / 3.957 secs)
[1A[2KChrome Headless 153.0.0.0 (Mac OS 10.15.7): Executed 1248 of 1464[31m (1 FAILED)[39m (0 secs / 3.957 secs)
[1A[2KChrome Headless 153.0.0.0 (Mac OS 10.15.7): Executed 1249 of 1464[31m (1 FAILED)[39m (0 secs / 3.957 secs)
[1A[2KChrome Headless 153.0.0.0 (Mac OS 10.15.7): Executed 1250 of 1464[31m (1 FAILED)[39m (0 secs / 3.957 secs)
[1A[2KChrome Headless 153.0.0.0 (Mac OS 10.15.7): Executed 1251 of 1464[31m (1 FAILED)[39m (0 secs / 3.958 secs)
[1A[2KChrome Headless 153.0.0.0 (Mac OS 10.15.7): Executed 1252 of 1464[31m (1 FAILED)[39m (0 secs / 3.958 secs)
[1A[2KChrome Headless 153.0.0.0 (Mac OS 10.15.7): Executed 1253 of 1464[31m (1 FAILED)[39m (0 secs / 3.959 secs)
[1A[2KChrome Headless 153.0.0.0 (Mac OS 10.15.7): Executed 1254 of 1464[31m (1 FAILED)[39m (0 secs / 3.959 secs)
[1A[2KChrome Headless 153.0.0.0 (Mac OS 10.15.7): Executed 1255 of 1464[31m (1 FAILED)[39m (0 secs / 3.961 secs)
[1A[2KChrome Headless 153.0.0.0 (Mac OS 10.15.7): Executed 1256 of 1464[31m (1 FAILED)[39m (0 secs / 3.961 secs)
[1A[2KChrome Headless 153.0.0.0 (Mac OS 10.15.7): Executed 1257 of 1464[31m (1 FAILED)[39m (0 secs / 3.962 secs)
[1A[2KChrome Headless 153.0.0.0 (Mac OS 10.15.7): Executed 1258 of 1464[31m (1 FAILED)[39m (0 secs / 3.968 secs)
[1A[2KChrome Headless 153.0.0.0 (Mac OS 10.15.7): Executed 1259 of 1464[31m (1 FAILED)[39m (0 secs / 3.969 secs)
[1A[2KChrome Headless 153.0.0.0 (Mac OS 10.15.7): Executed 1260 of 1464[31m (1 FAILED)[39m (0 secs / 3.973 secs)
[1A[2KChrome Headless 153.0.0.0 (Mac OS 10.15.7): Executed 1261 of 1464[31m (1 FAILED)[39m (0 secs / 3.975 secs)
[1A[2KChrome Headless 153.0.0.0 (Mac OS 10.15.7): Executed 1262 of 1464[31m (1 FAILED)[39m (0 secs / 3.975 secs)
[1A[2KChrome Headless 153.0.0.0 (Mac OS 10.15.7): Executed 1263 of 1464[31m (1 FAILED)[39m (0 secs / 3.976 secs)
[1A[2KChrome Headless 153.0.0.0 (Mac OS 10.15.7): Executed 1264 of 1464[31m (1 FAILED)[39m (0 secs / 3.976 secs)
[1A[2KChrome Headless 153.0.0.0 (Mac OS 10.15.7): Executed 1265 of 1464[31m (1 FAILED)[39m (0 secs / 3.977 secs)
[1A[2KChrome Headless 153.0.0.0 (Mac OS 10.15.7): Executed 1266 of 1464[31m (1 FAILED)[39m (0 secs / 3.978 secs)
[1A[2KChrome Headless 153.0.0.0 (Mac OS 10.15.7): Executed 1267 of 1464[31m (1 FAILED)[39m (0 secs / 3.978 secs)
[1A[2KChrome Headless 153.0.0.0 (Mac OS 10.15.7): Executed 1268 of 1464[31m (1 FAILED)[39m (0 secs / 3.979 secs)
[1A[2KChrome Headless 153.0.0.0 (Mac OS 10.15.7): Executed 1269 of 1464[31m (1 FAILED)[39m (0 secs / 3.982 secs)
[1A[2KChrome Headless 153.0.0.0 (Mac OS 10.15.7): Executed 1270 of 1464[31m (1 FAILED)[39m (0 secs / 3.984 secs)
[1A[2KChrome Headless 153.0.0.0 (Mac OS 10.15.7): Executed 1271 of 1464[31m (1 FAILED)[39m (0 secs / 3.985 secs)
[1A[2KChrome Headless 153.0.0.0 (Mac OS 10.15.7): Executed 1272 of 1464[31m (1 FAILED)[39m (0 secs / 3.987 secs)
[1A[2KChrome Headless 153.0.0.0 (Mac OS 10.15.7): Executed 1273 of 1464[31m (1 FAILED)[39m (0 secs / 3.99 secs)
[1A[2KChrome Headless 153.0.0.0 (Mac OS 10.15.7): Executed 1274 of 1464[31m (1 FAILED)[39m (0 secs / 3.992 secs)
[1A[2KChrome Headless 153.0.0.0 (Mac OS 10.15.7): Executed 1275 of 1464[31m (1 FAILED)[39m (0 secs / 3.993 secs)
[1A[2KChrome Headless 153.0.0.0 (Mac OS 10.15.7): Executed 1276 of 1464[31m (1 FAILED)[39m (0 secs / 3.994 secs)
[1A[2KChrome Headless 153.0.0.0 (Mac OS 10.15.7): Executed 1277 of 1464[31m (1 FAILED)[39m (0 secs / 3.997 secs)
[1A[2KChrome Headless 153.0.0.0 (Mac OS 10.15.7): Executed 1278 of 1464[31m (1 FAILED)[39m (0 secs / 3.998 secs)
[1A[2KChrome Headless 153.0.0.0 (Mac OS 10.15.7): Executed 1279 of 1464[31m (1 FAILED)[39m (0 secs / 3.998 secs)
[1A[2KChrome Headless 153.0.0.0 (Mac OS 10.15.7): Executed 1280 of 1464[31m (1 FAILED)[39m (0 secs / 3.998 secs)
[1A[2KChrome Headless 153.0.0.0 (Mac OS 10.15.7): Executed 1281 of 1464[31m (1 FAILED)[39m (0 secs / 3.998 secs)
[1A[2KChrome Headless 153.0.0.0 (Mac OS 10.15.7): Executed 1282 of 1464[31m (1 FAILED)[39m (0 secs / 3.999 secs)
[1A[2KChrome Headless 153.0.0.0 (Mac OS 10.15.7): Executed 1283 of 1464[31m (1 FAILED)[39m (0 secs / 4 secs)
[1A[2KChrome Headless 153.0.0.0 (Mac OS 10.15.7): Executed 1284 of 1464[31m (1 FAILED)[39m (0 secs / 4.001 secs)
[1A[2KChrome Headless 153.0.0.0 (Mac OS 10.15.7): Executed 1285 of 1464[31m (1 FAILED)[39m (0 secs / 4.002 secs)
[1A[2KChrome Headless 153.0.0.0 (Mac OS 10.15.7): Executed 1286 of 1464[31m (1 FAILED)[39m (0 secs / 4.003 secs)
[1A[2KChrome Headless 153.0.0.0 (Mac OS 10.15.7): Executed 1287 of 1464[31m (1 FAILED)[39m (0 secs / 4.004 secs)
[1A[2KChrome Headless 153.0.0.0 (Mac OS 10.15.7): Executed 1288 of 1464[31m (1 FAILED)[39m (0 secs / 4.004 secs)
[1A[2KChrome Headless 153.0.0.0 (Mac OS 10.15.7): Executed 1289 of 1464[31m (1 FAILED)[39m (0 secs / 4.005 secs)
[1A[2KChrome Headless 153.0.0.0 (Mac OS 10.15.7): Executed 1290 of 1464[31m (1 FAILED)[39m (0 secs / 4.006 secs)
[1A[2KChrome Headless 153.0.0.0 (Mac OS 10.15.7): Executed 1291 of 1464[31m (1 FAILED)[39m (0 secs / 4.008 secs)
[1A[2KChrome Headless 153.0.0.0 (Mac OS 10.15.7): Executed 1292 of 1464[31m (1 FAILED)[39m (0 secs / 4.01 secs)
[1A[2KChrome Headless 153.0.0.0 (Mac OS 10.15.7): Executed 1293 of 1464[31m (1 FAILED)[39m (0 secs / 4.014 secs)
[1A[2KChrome Headless 153.0.0.0 (Mac OS 10.15.7): Executed 1294 of 1464[31m (1 FAILED)[39m (0 secs / 4.015 secs)
[1A[2KChrome Headless 153.0.0.0 (Mac OS 10.15.7): Executed 1295 of 1464[31m (1 FAILED)[39m (0 secs / 4.018 secs)
[1A[2KChrome Headless 153.0.0.0 (Mac OS 10.15.7): Executed 1296 of 1464[31m (1 FAILED)[39m (0 secs / 4.02 secs)
[1A[2KChrome Headless 153.0.0.0 (Mac OS 10.15.7): Executed 1297 of 1464[31m (1 FAILED)[39m (0 secs / 4.021 secs)
[1A[2KChrome Headless 153.0.0.0 (Mac OS 10.15.7): Executed 1298 of 1464[31m (1 FAILED)[39m (0 secs / 4.023 secs)
[1A[2KChrome Headless 153.0.0.0 (Mac OS 10.15.7): Executed 1299 of 1464[31m (1 FAILED)[39m (0 secs / 4.024 secs)
[1A[2KChrome Headless 153.0.0.0 (Mac OS 10.15.7): Executed 1300 of 1464[31m (1 FAILED)[39m (0 secs / 4.025 secs)
[1A[2KChrome Headless 153.0.0.0 (Mac OS 10.15.7): Executed 1301 of 1464[31m (1 FAILED)[39m (0 secs / 4.027 secs)
[1A[2KChrome Headless 153.0.0.0 (Mac OS 10.15.7): Executed 1302 of 1464[31m (1 FAILED)[39m (0 secs / 4.029 secs)
[1A[2KChrome Headless 153.0.0.0 (Mac OS 10.15.7): Executed 1303 of 1464[31m (1 FAILED)[39m (0 secs / 4.031 secs)
[1A[2KChrome Headless 153.0.0.0 (Mac OS 10.15.7): Executed 1304 of 1464[31m (1 FAILED)[39m (0 secs / 4.034 secs)
[1A[2KChrome Headless 153.0.0.0 (Mac OS 10.15.7): Executed 1305 of 1464[31m (1 FAILED)[39m (0 secs / 4.038 secs)
[1A[2KChrome Headless 153.0.0.0 (Mac OS 10.15.7): Executed 1306 of 1464[31m (1 FAILED)[39m (0 secs / 4.04 secs)
[1A[2KChrome Headless 153.0.0.0 (Mac OS 10.15.7): Executed 1307 of 1464[31m (1 FAILED)[39m (0 secs / 4.042 secs)
[1A[2KChrome Headless 153.0.0.0 (Mac OS 10.15.7): Executed 1308 of 1464[31m (1 FAILED)[39m (0 secs / 4.043 secs)
[1A[2KChrome Headless 153.0.0.0 (Mac OS 10.15.7): Executed 1309 of 1464[31m (1 FAILED)[39m (0 secs / 4.043 secs)
[1A[2KChrome Headless 153.0.0.0 (Mac OS 10.15.7): Executed 1310 of 1464[31m (1 FAILED)[39m (0 secs / 4.043 secs)
[1A[2KChrome Headless 153.0.0.0 (Mac OS 10.15.7): Executed 1311 of 1464[31m (1 FAILED)[39m (0 secs / 4.043 secs)
[1A[2KChrome Headless 153.0.0.0 (Mac OS 10.15.7): Executed 1312 of 1464[31m (1 FAILED)[39m (0 secs / 4.044 secs)
[1A[2KChrome Headless 153.0.0.0 (Mac OS 10.15.7): Executed 1313 of 1464[31m (1 FAILED)[39m (0 secs / 4.045 secs)
[1A[2KChrome Headless 153.0.0.0 (Mac OS 10.15.7): Executed 1314 of 1464[31m (1 FAILED)[39m (0 secs / 4.046 secs)
[1A[2KChrome Headless 153.0.0.0 (Mac OS 10.15.7): Executed 1315 of 1464[31m (1 FAILED)[39m (0 secs / 4.046 secs)
[1A[2KChrome Headless 153.0.0.0 (Mac OS 10.15.7): Executed 1316 of 1464[31m (1 FAILED)[39m (0 secs / 4.049 secs)
[1A[2KChrome Headless 153.0.0.0 (Mac OS 10.15.7): Executed 1317 of 1464[31m (1 FAILED)[39m (0 secs / 4.05 secs)
[1A[2KChrome Headless 153.0.0.0 (Mac OS 10.15.7): Executed 1318 of 1464[31m (1 FAILED)[39m (0 secs / 4.051 secs)
[1A[2KChrome Headless 153.0.0.0 (Mac OS 10.15.7): Executed 1319 of 1464[31m (1 FAILED)[39m (0 secs / 4.051 secs)
[1A[2KChrome Headless 153.0.0.0 (Mac OS 10.15.7): Executed 1320 of 1464[31m (1 FAILED)[39m (0 secs / 4.054 secs)
[1A[2KChrome Headless 153.0.0.0 (Mac OS 10.15.7): Executed 1321 of 1464[31m (1 FAILED)[39m (0 secs / 4.054 secs)
[1A[2KChrome Headless 153.0.0.0 (Mac OS 10.15.7): Executed 1322 of 1464[31m (1 FAILED)[39m (0 secs / 4.055 secs)
[1A[2KChrome Headless 153.0.0.0 (Mac OS 10.15.7): Executed 1323 of 1464[31m (1 FAILED)[39m (0 secs / 4.055 secs)
[1A[2KChrome Headless 153.0.0.0 (Mac OS 10.15.7): Executed 1324 of 1464[31m (1 FAILED)[39m (0 secs / 4.056 secs)
[1A[2KChrome Headless 153.0.0.0 (Mac OS 10.15.7): Executed 1325 of 1464[31m (1 FAILED)[39m (0 secs / 4.057 secs)
[1A[2KChrome Headless 153.0.0.0 (Mac OS 10.15.7): Executed 1326 of 1464[31m (1 FAILED)[39m (0 secs / 4.061 secs)
[1A[2KChrome Headless 153.0.0.0 (Mac OS 10.15.7): Executed 1327 of 1464[31m (1 FAILED)[39m (0 secs / 4.064 secs)
[1A[2KChrome Headless 153.0.0.0 (Mac OS 10.15.7): Executed 1328 of 1464[31m (1 FAILED)[39m (0 secs / 4.066 secs)
[1A[2KChrome Headless 153.0.0.0 (Mac OS 10.15.7): Executed 1329 of 1464[31m (1 FAILED)[39m (0 secs / 4.067 secs)
[1A[2KChrome Headless 153.0.0.0 (Mac OS 10.15.7): Executed 1330 of 1464[31m (1 FAILED)[39m (0 secs / 4.067 secs)
[1A[2KChrome Headless 153.0.0.0 (Mac OS 10.15.7): Executed 1331 of 1464[31m (1 FAILED)[39m (0 secs / 4.07 secs)
[1A[2KChrome Headless 153.0.0.0 (Mac OS 10.15.7): Executed 1332 of 1464[31m (1 FAILED)[39m (0 secs / 4.072 secs)
[1A[2KChrome Headless 153.0.0.0 (Mac OS 10.15.7): Executed 1333 of 1464[31m (1 FAILED)[39m (0 secs / 4.074 secs)
[1A[2KChrome Headless 153.0.0.0 (Mac OS 10.15.7): Executed 1334 of 1464[31m (1 FAILED)[39m (0 secs / 4.076 secs)
[1A[2KChrome Headless 153.0.0.0 (Mac OS 10.15.7): Executed 1335 of 1464[31m (1 FAILED)[39m (0 secs / 4.078 secs)
[1A[2KChrome Headless 153.0.0.0 (Mac OS 10.15.7): Executed 1336 of 1464[31m (1 FAILED)[39m (0 secs / 4.08 secs)
[1A[2KChrome Headless 153.0.0.0 (Mac OS 10.15.7): Executed 1337 of 1464[31m (1 FAILED)[39m (0 secs / 4.085 secs)
[1A[2KChrome Headless 153.0.0.0 (Mac OS 10.15.7): Executed 1338 of 1464[31m (1 FAILED)[39m (0 secs / 4.086 secs)
[1A[2KChrome Headless 153.0.0.0 (Mac OS 10.15.7): Executed 1339 of 1464[31m (1 FAILED)[39m (0 secs / 4.094 secs)
[1A[2KChrome Headless 153.0.0.0 (Mac OS 10.15.7): Executed 1340 of 1464[31m (1 FAILED)[39m (0 secs / 4.095 secs)
[1A[2KChrome Headless 153.0.0.0 (Mac OS 10.15.7): Executed 1341 of 1464[31m (1 FAILED)[39m (0 secs / 4.095 secs)
[1A[2KChrome Headless 153.0.0.0 (Mac OS 10.15.7): Executed 1342 of 1464[31m (1 FAILED)[39m (0 secs / 4.102 secs)
[1A[2KChrome Headless 153.0.0.0 (Mac OS 10.15.7): Executed 1343 of 1464[31m (1 FAILED)[39m (0 secs / 4.103 secs)
[1A[2KChrome Headless 153.0.0.0 (Mac OS 10.15.7): Executed 1344 of 1464[31m (1 FAILED)[39m (0 secs / 4.107 secs)
[1A[2KChrome Headless 153.0.0.0 (Mac OS 10.15.7): Executed 1345 of 1464[31m (1 FAILED)[39m (0 secs / 4.113 secs)
[1A[2KChrome Headless 153.0.0.0 (Mac OS 10.15.7): Executed 1346 of 1464[31m (1 FAILED)[39m (0 secs / 4.119 secs)
[1A[2KChrome Headless 153.0.0.0 (Mac OS 10.15.7): Executed 1347 of 1464[31m (1 FAILED)[39m (0 secs / 4.12 secs)
[1A[2KChrome Headless 153.0.0.0 (Mac OS 10.15.7): Executed 1348 of 1464[31m (1 FAILED)[39m (0 secs / 4.124 secs)
[1A[2KChrome Headless 153.0.0.0 (Mac OS 10.15.7): Executed 1349 of 1464[31m (1 FAILED)[39m (0 secs / 4.13 secs)
[1A[2KChrome Headless 153.0.0.0 (Mac OS 10.15.7): Executed 1350 of 1464[31m (1 FAILED)[39m (0 secs / 4.135 secs)
[1A[2KChrome Headless 153.0.0.0 (Mac OS 10.15.7): Executed 1351 of 1464[31m (1 FAILED)[39m (0 secs / 4.14 secs)
[1A[2KChrome Headless 153.0.0.0 (Mac OS 10.15.7): Executed 1352 of 1464[31m (1 FAILED)[39m (0 secs / 4.146 secs)
[1A[2KChrome Headless 153.0.0.0 (Mac OS 10.15.7): Executed 1353 of 1464[31m (1 FAILED)[39m (0 secs / 4.15 secs)
[1A[2KChrome Headless 153.0.0.0 (Mac OS 10.15.7): Executed 1354 of 1464[31m (1 FAILED)[39m (0 secs / 4.155 secs)
[1A[2KChrome Headless 153.0.0.0 (Mac OS 10.15.7): Executed 1355 of 1464[31m (1 FAILED)[39m (0 secs / 4.159 secs)
[1A[2KChrome Headless 153.0.0.0 (Mac OS 10.15.7): Executed 1356 of 1464[31m (1 FAILED)[39m (0 secs / 4.161 secs)
[1A[2KChrome Headless 153.0.0.0 (Mac OS 10.15.7): Executed 1357 of 1464[31m (1 FAILED)[39m (0 secs / 4.161 secs)
[1A[2KChrome Headless 153.0.0.0 (Mac OS 10.15.7): Executed 1358 of 1464[31m (1 FAILED)[39m (0 secs / 4.161 secs)
[1A[2KChrome Headless 153.0.0.0 (Mac OS 10.15.7): Executed 1359 of 1464[31m (1 FAILED)[39m (0 secs / 4.162 secs)
[1A[2KChrome Headless 153.0.0.0 (Mac OS 10.15.7): Executed 1360 of 1464[31m (1 FAILED)[39m (0 secs / 4.163 secs)
[1A[2KChrome Headless 153.0.0.0 (Mac OS 10.15.7): Executed 1361 of 1464[31m (1 FAILED)[39m (0 secs / 4.163 secs)
[1A[2KChrome Headless 153.0.0.0 (Mac OS 10.15.7): Executed 1362 of 1464[31m (1 FAILED)[39m (0 secs / 4.164 secs)
[1A[2KChrome Headless 153.0.0.0 (Mac OS 10.15.7): Executed 1363 of 1464[31m (1 FAILED)[39m (0 secs / 4.165 secs)
[1A[2KChrome Headless 153.0.0.0 (Mac OS 10.15.7): Executed 1364 of 1464[31m (1 FAILED)[39m (0 secs / 4.165 secs)
[1A[2KChrome Headless 153.0.0.0 (Mac OS 10.15.7): Executed 1365 of 1464[31m (1 FAILED)[39m (0 secs / 4.165 secs)
[1A[2KChrome Headless 153.0.0.0 (Mac OS 10.15.7): Executed 1366 of 1464[31m (1 FAILED)[39m (0 secs / 4.166 secs)
[1A[2KChrome Headless 153.0.0.0 (Mac OS 10.15.7): Executed 1367 of 1464[31m (1 FAILED)[39m (0 secs / 4.166 secs)
[1A[2KChrome Headless 153.0.0.0 (Mac OS 10.15.7): Executed 1368 of 1464[31m (1 FAILED)[39m (0 secs / 4.166 secs)
[1A[2KChrome Headless 153.0.0.0 (Mac OS 10.15.7): Executed 1369 of 1464[31m (1 FAILED)[39m (0 secs / 4.166 secs)
[1A[2KChrome Headless 153.0.0.0 (Mac OS 10.15.7): Executed 1370 of 1464[31m (1 FAILED)[39m (0 secs / 4.167 secs)
[1A[2KChrome Headless 153.0.0.0 (Mac OS 10.15.7): Executed 1371 of 1464[31m (1 FAILED)[39m (0 secs / 4.167 secs)
[1A[2KChrome Headless 153.0.0.0 (Mac OS 10.15.7): Executed 1372 of 1464[31m (1 FAILED)[39m (0 secs / 4.17 secs)
[1A[2KChrome Headless 153.0.0.0 (Mac OS 10.15.7): Executed 1373 of 1464[31m (1 FAILED)[39m (0 secs / 4.172 secs)
[1A[2KChrome Headless 153.0.0.0 (Mac OS 10.15.7): Executed 1374 of 1464[31m (1 FAILED)[39m (0 secs / 4.174 secs)
[1A[2KChrome Headless 153.0.0.0 (Mac OS 10.15.7): Executed 1375 of 1464[31m (1 FAILED)[39m (0 secs / 4.175 secs)
[1A[2KChrome Headless 153.0.0.0 (Mac OS 10.15.7): Executed 1376 of 1464[31m (1 FAILED)[39m (0 secs / 4.177 secs)
[1A[2KChrome Headless 153.0.0.0 (Mac OS 10.15.7): Executed 1377 of 1464[31m (1 FAILED)[39m (0 secs / 4.178 secs)
[1A[2KChrome Headless 153.0.0.0 (Mac OS 10.15.7): Executed 1378 of 1464[31m (1 FAILED)[39m (0 secs / 4.179 secs)
[1A[2KChrome Headless 153.0.0.0 (Mac OS 10.15.7): Executed 1379 of 1464[31m (1 FAILED)[39m (0 secs / 4.179 secs)
[1A[2KChrome Headless 153.0.0.0 (Mac OS 10.15.7): Executed 1380 of 1464[31m (1 FAILED)[39m (0 secs / 4.18 secs)
[1A[2KChrome Headless 153.0.0.0 (Mac OS 10.15.7): Executed 1381 of 1464[31m (1 FAILED)[39m (0 secs / 4.184 secs)
[1A[2KChrome Headless 153.0.0.0 (Mac OS 10.15.7): Executed 1382 of 1464[31m (1 FAILED)[39m (0 secs / 4.188 secs)
[1A[2KChrome Headless 153.0.0.0 (Mac OS 10.15.7): Executed 1383 of 1464[31m (1 FAILED)[39m (0 secs / 4.188 secs)
[1A[2KChrome Headless 153.0.0.0 (Mac OS 10.15.7): Executed 1384 of 1464[31m (1 FAILED)[39m (0 secs / 4.194 secs)
[1A[2KChrome Headless 153.0.0.0 (Mac OS 10.15.7): Executed 1385 of 1464[31m (1 FAILED)[39m (0 secs / 4.196 secs)
[1A[2KChrome Headless 153.0.0.0 (Mac OS 10.15.7): Executed 1386 of 1464[31m (1 FAILED)[39m (0 secs / 4.198 secs)
[1A[2KChrome Headless 153.0.0.0 (Mac OS 10.15.7): Executed 1387 of 1464[31m (1 FAILED)[39m (0 secs / 4.199 secs)
[1A[2KChrome Headless 153.0.0.0 (Mac OS 10.15.7): Executed 1388 of 1464[31m (1 FAILED)[39m (0 secs / 4.2 secs)
[1A[2KChrome Headless 153.0.0.0 (Mac OS 10.15.7): Executed 1389 of 1464[31m (1 FAILED)[39m (0 secs / 4.201 secs)
[1A[2KChrome Headless 153.0.0.0 (Mac OS 10.15.7): Executed 1390 of 1464[31m (1 FAILED)[39m (0 secs / 4.202 secs)
[1A[2KChrome Headless 153.0.0.0 (Mac OS 10.15.7): Executed 1391 of 1464[31m (1 FAILED)[39m (0 secs / 4.203 secs)
[1A[2KChrome Headless 153.0.0.0 (Mac OS 10.15.7): Executed 1392 of 1464[31m (1 FAILED)[39m (0 secs / 4.204 secs)
[1A[2KChrome Headless 153.0.0.0 (Mac OS 10.15.7): Executed 1393 of 1464[31m (1 FAILED)[39m (0 secs / 4.205 secs)
[1A[2KChrome Headless 153.0.0.0 (Mac OS 10.15.7): Executed 1394 of 1464[31m (1 FAILED)[39m (0 secs / 4.205 secs)
[1A[2KChrome Headless 153.0.0.0 (Mac OS 10.15.7): Executed 1395 of 1464[31m (1 FAILED)[39m (0 secs / 4.207 secs)
[1A[2KChrome Headless 153.0.0.0 (Mac OS 10.15.7): Executed 1396 of 1464[31m (1 FAILED)[39m (0 secs / 4.207 secs)
[1A[2KChrome Headless 153.0.0.0 (Mac OS 10.15.7): Executed 1397 of 1464[31m (1 FAILED)[39m (0 secs / 4.207 secs)
[1A[2KChrome Headless 153.0.0.0 (Mac OS 10.15.7): Executed 1398 of 1464[31m (1 FAILED)[39m (0 secs / 4.209 secs)
[1A[2KChrome Headless 153.0.0.0 (Mac OS 10.15.7): Executed 1399 of 1464[31m (1 FAILED)[39m (0 secs / 4.211 secs)
[1A[2KChrome Headless 153.0.0.0 (Mac OS 10.15.7): Executed 1400 of 1464[31m (1 FAILED)[39m (0 secs / 4.212 secs)
[1A[2KChrome Headless 153.0.0.0 (Mac OS 10.15.7): Executed 1401 of 1464[31m (1 FAILED)[39m (0 secs / 4.219 secs)
[1A[2KChrome Headless 153.0.0.0 (Mac OS 10.15.7): Executed 1402 of 1464[31m (1 FAILED)[39m (0 secs / 4.225 secs)
[1A[2KChrome Headless 153.0.0.0 (Mac OS 10.15.7): Executed 1403 of 1464[31m (1 FAILED)[39m (0 secs / 4.231 secs)
[1A[2KChrome Headless 153.0.0.0 (Mac OS 10.15.7): Executed 1404 of 1464[31m (1 FAILED)[39m (0 secs / 4.241 secs)
[1A[2KChrome Headless 153.0.0.0 (Mac OS 10.15.7): Executed 1405 of 1464[31m (1 FAILED)[39m (0 secs / 4.242 secs)
[1A[2KChrome Headless 153.0.0.0 (Mac OS 10.15.7): Executed 1406 of 1464[31m (1 FAILED)[39m (0 secs / 4.243 secs)
[1A[2KChrome Headless 153.0.0.0 (Mac OS 10.15.7): Executed 1407 of 1464[31m (1 FAILED)[39m (0 secs / 4.244 secs)
[1A[2KChrome Headless 153.0.0.0 (Mac OS 10.15.7): Executed 1408 of 1464[31m (1 FAILED)[39m (0 secs / 4.244 secs)
[1A[2KChrome Headless 153.0.0.0 (Mac OS 10.15.7): Executed 1409 of 1464[31m (1 FAILED)[39m (0 secs / 4.245 secs)
[1A[2KChrome Headless 153.0.0.0 (Mac OS 10.15.7): Executed 1410 of 1464[31m (1 FAILED)[39m (0 secs / 4.258 secs)
[1A[2KChrome Headless 153.0.0.0 (Mac OS 10.15.7): Executed 1411 of 1464[31m (1 FAILED)[39m (0 secs / 4.302 secs)
[1A[2KChrome Headless 153.0.0.0 (Mac OS 10.15.7): Executed 1412 of 1464[31m (1 FAILED)[39m (0 secs / 4.332 secs)
[1A[2KChrome Headless 153.0.0.0 (Mac OS 10.15.7): Executed 1413 of 1464[31m (1 FAILED)[39m (0 secs / 4.344 secs)
[1A[2KChrome Headless 153.0.0.0 (Mac OS 10.15.7): Executed 1414 of 1464[31m (1 FAILED)[39m (0 secs / 4.367 secs)
[1A[2KChrome Headless 153.0.0.0 (Mac OS 10.15.7): Executed 1415 of 1464[31m (1 FAILED)[39m (0 secs / 4.389 secs)
[1A[2KChrome Headless 153.0.0.0 (Mac OS 10.15.7): Executed 1416 of 1464[31m (1 FAILED)[39m (0 secs / 4.404 secs)
[1A[2KChrome Headless 153.0.0.0 (Mac OS 10.15.7): Executed 1417 of 1464[31m (1 FAILED)[39m (0 secs / 4.408 secs)
[1A[2KChrome Headless 153.0.0.0 (Mac OS 10.15.7): Executed 1418 of 1464[31m (1 FAILED)[39m (0 secs / 4.412 secs)
[1A[2KChrome Headless 153.0.0.0 (Mac OS 10.15.7): Executed 1419 of 1464[31m (1 FAILED)[39m (0 secs / 4.414 secs)
[1A[2KChrome Headless 153.0.0.0 (Mac OS 10.15.7): Executed 1420 of 1464[31m (1 FAILED)[39m (0 secs / 4.415 secs)
[1A[2KChrome Headless 153.0.0.0 (Mac OS 10.15.7): Executed 1421 of 1464[31m (1 FAILED)[39m (0 secs / 4.416 secs)
[1A[2KChrome Headless 153.0.0.0 (Mac OS 10.15.7): Executed 1422 of 1464[31m (1 FAILED)[39m (0 secs / 4.42 secs)
[1A[2KChrome Headless 153.0.0.0 (Mac OS 10.15.7): Executed 1423 of 1464[31m (1 FAILED)[39m (0 secs / 4.422 secs)
[1A[2KChrome Headless 153.0.0.0 (Mac OS 10.15.7): Executed 1424 of 1464[31m (1 FAILED)[39m (0 secs / 4.423 secs)
[1A[2KChrome Headless 153.0.0.0 (Mac OS 10.15.7): Executed 1425 of 1464[31m (1 FAILED)[39m (0 secs / 4.423 secs)
[1A[2KChrome Headless 153.0.0.0 (Mac OS 10.15.7): Executed 1426 of 1464[31m (1 FAILED)[39m (0 secs / 4.425 secs)
[1A[2KChrome Headless 153.0.0.0 (Mac OS 10.15.7): Executed 1427 of 1464[31m (1 FAILED)[39m (0 secs / 4.425 secs)
[1A[2KChrome Headless 153.0.0.0 (Mac OS 10.15.7): Executed 1428 of 1464[31m (1 FAILED)[39m (0 secs / 4.426 secs)
[1A[2KChrome Headless 153.0.0.0 (Mac OS 10.15.7): Executed 1429 of 1464[31m (1 FAILED)[39m (0 secs / 4.426 secs)
[1A[2KChrome Headless 153.0.0.0 (Mac OS 10.15.7): Executed 1430 of 1464[31m (1 FAILED)[39m (0 secs / 4.427 secs)
[1A[2KChrome Headless 153.0.0.0 (Mac OS 10.15.7): Executed 1431 of 1464[31m (1 FAILED)[39m (0 secs / 4.446 secs)
[1A[2KChrome Headless 153.0.0.0 (Mac OS 10.15.7): Executed 1432 of 1464[31m (1 FAILED)[39m (0 secs / 4.447 secs)
[1A[2KChrome Headless 153.0.0.0 (Mac OS 10.15.7): Executed 1433 of 1464[31m (1 FAILED)[39m (0 secs / 4.45 secs)
[1A[2KChrome Headless 153.0.0.0 (Mac OS 10.15.7): Executed 1434 of 1464[31m (1 FAILED)[39m (0 secs / 4.451 secs)
[1A[2KChrome Headless 153.0.0.0 (Mac OS 10.15.7): Executed 1435 of 1464[31m (1 FAILED)[39m (0 secs / 4.452 secs)
[1A[2KChrome Headless 153.0.0.0 (Mac OS 10.15.7): Executed 1436 of 1464[31m (1 FAILED)[39m (0 secs / 4.452 secs)
[1A[2KChrome Headless 153.0.0.0 (Mac OS 10.15.7): Executed 1437 of 1464[31m (1 FAILED)[39m (0 secs / 4.453 secs)
[1A[2KChrome Headless 153.0.0.0 (Mac OS 10.15.7): Executed 1438 of 1464[31m (1 FAILED)[39m (0 secs / 4.454 secs)
[1A[2KChrome Headless 153.0.0.0 (Mac OS 10.15.7): Executed 1439 of 1464[31m (1 FAILED)[39m (0 secs / 4.457 secs)
[1A[2KChrome Headless 153.0.0.0 (Mac OS 10.15.7): Executed 1440 of 1464[31m (1 FAILED)[39m (0 secs / 4.46 secs)
[1A[2KChrome Headless 153.0.0.0 (Mac OS 10.15.7): Executed 1441 of 1464[31m (1 FAILED)[39m (0 secs / 4.461 secs)
[1A[2KChrome Headless 153.0.0.0 (Mac OS 10.15.7): Executed 1442 of 1464[31m (1 FAILED)[39m (0 secs / 4.463 secs)
[1A[2KChrome Headless 153.0.0.0 (Mac OS 10.15.7): Executed 1443 of 1464[31m (1 FAILED)[39m (0 secs / 4.465 secs)
[1A[2KChrome Headless 153.0.0.0 (Mac OS 10.15.7): Executed 1444 of 1464[31m (1 FAILED)[39m (0 secs / 4.469 secs)
[1A[2KChrome Headless 153.0.0.0 (Mac OS 10.15.7): Executed 1445 of 1464[31m (1 FAILED)[39m (0 secs / 4.47 secs)
[1A[2KChrome Headless 153.0.0.0 (Mac OS 10.15.7): Executed 1446 of 1464[31m (1 FAILED)[39m (0 secs / 4.471 secs)
[1A[2KChrome Headless 153.0.0.0 (Mac OS 10.15.7): Executed 1447 of 1464[31m (1 FAILED)[39m (0 secs / 4.472 secs)
[1A[2KChrome Headless 153.0.0.0 (Mac OS 10.15.7): Executed 1448 of 1464[31m (1 FAILED)[39m (0 secs / 4.473 secs)
[1A[2KChrome Headless 153.0.0.0 (Mac OS 10.15.7): Executed 1449 of 1464[31m (1 FAILED)[39m (0 secs / 4.474 secs)
[1A[2KChrome Headless 153.0.0.0 (Mac OS 10.15.7): Executed 1450 of 1464[31m (1 FAILED)[39m (0 secs / 4.475 secs)
[1A[2KChrome Headless 153.0.0.0 (Mac OS 10.15.7): Executed 1451 of 1464[31m (1 FAILED)[39m (0 secs / 4.475 secs)
[1A[2KChrome Headless 153.0.0.0 (Mac OS 10.15.7): Executed 1452 of 1464[31m (1 FAILED)[39m (0 secs / 4.476 secs)
[1A[2KChrome Headless 153.0.0.0 (Mac OS 10.15.7): Executed 1453 of 1464[31m (1 FAILED)[39m (0 secs / 4.477 secs)
[1A[2KChrome Headless 153.0.0.0 (Mac OS 10.15.7): Executed 1454 of 1464[31m (1 FAILED)[39m (0 secs / 4.477 secs)
[1A[2KChrome Headless 153.0.0.0 (Mac OS 10.15.7): Executed 1455 of 1464[31m (1 FAILED)[39m (0 secs / 4.478 secs)
[1A[2KChrome Headless 153.0.0.0 (Mac OS 10.15.7): Executed 1456 of 1464[31m (1 FAILED)[39m (0 secs / 4.478 secs)
[1A[2KChrome Headless 153.0.0.0 (Mac OS 10.15.7): Executed 1457 of 1464[31m (1 FAILED)[39m (0 secs / 4.478 secs)
[1A[2KChrome Headless 153.0.0.0 (Mac OS 10.15.7): Executed 1458 of 1464[31m (1 FAILED)[39m (0 secs / 4.478 secs)
[1A[2KChrome Headless 153.0.0.0 (Mac OS 10.15.7): Executed 1459 of 1464[31m (1 FAILED)[39m (0 secs / 4.478 secs)
[1A[2KChrome Headless 153.0.0.0 (Mac OS 10.15.7): Executed 1460 of 1464[31m (1 FAILED)[39m (0 secs / 4.479 secs)
[1A[2KChrome Headless 153.0.0.0 (Mac OS 10.15.7): Executed 1461 of 1464[31m (1 FAILED)[39m (0 secs / 4.479 secs)
[1A[2KChrome Headless 153.0.0.0 (Mac OS 10.15.7): Executed 1462 of 1464[31m (1 FAILED)[39m (0 secs / 4.48 secs)
[1A[2KChrome Headless 153.0.0.0 (Mac OS 10.15.7): Executed 1463 of 1464[31m (1 FAILED)[39m (0 secs / 4.48 secs)
[1A[2KChrome Headless 153.0.0.0 (Mac OS 10.15.7): Executed 1464 of 1464[31m (1 FAILED)[39m (0 secs / 4.481 secs)
[1A[2KChrome Headless 153.0.0.0 (Mac OS 10.15.7): Executed 1464 of 1464[31m (1 FAILED)[39m (5.163 secs / 4.481 secs)
[31mTOTAL: 1 FAILED, 1463 SUCCESS[39m
